 ,Area,Mean,Min,Max,Perim.,Major,Minor,Angle,Circ.,AR,Round,Solidity
1,1015.101,255,255,255,118.909,37.756,34.232,88.287,0.902,1.103,0.907,0.938
2,952.095,255,255,255,114.589,35.019,34.617,140.441,0.911,1.012,0.989,0.947
3,1241.457,255,255,255,133.661,40.515,39.014,27.068,0.873,1.038,0.963,0.930
4,1124.779,255,255,255,124.496,39.442,36.309,51.798,0.912,1.086,0.921,0.942
5,1227.456,255,255,255,130.235,40.281,38.799,26.082,0.909,1.038,0.963,0.948
6,1208.787,255,255,255,135.975,39.824,38.647,92.430,0.822,1.030,0.970,0.914
7,1201.787,255,255,255,130.977,40.316,37.954,27.345,0.880,1.062,0.941,0.931
8,1395.473,255,255,255,137.087,43.212,41.117,178.904,0.933,1.051,0.952,0.952
9,1236.790,255,255,255,142.827,43.895,35.875,40.666,0.762,1.224,0.817,0.898
10,1264.793,255,255,255,143.939,48.979,32.879,101.063,0.767,1.490,0.671,0.912
11,1208.787,255,255,255,134.556,40.042,38.436,110.657,0.839,1.042,0.960,0.938
12,1309.131,255,255,255,134.032,43.178,38.604,4.304,0.916,1.119,0.894,0.947
13,1057.106,255,255,255,119.434,37.466,35.924,108.903,0.931,1.043,0.959,0.952
14,1215.788,255,255,255,131.130,40.337,38.377,173.141,0.889,1.051,0.951,0.949
15,942.761,255,255,255,115.113,35.353,33.953,44.428,0.894,1.041,0.960,0.948
16,1136.447,255,255,255,154.153,41.133,35.178,140.250,0.601,1.169,0.855,0.821
17,1127.112,255,255,255,129.494,39.849,36.013,36.977,0.845,1.107,0.904,0.928
18,1080.441,255,255,255,123.230,39.576,34.760,35.678,0.894,1.139,0.878,0.940
19,424.709,255,255,255,81.135,24.448,22.118,24.972,0.811,1.105,0.905,0.897
20,448.045,255,255,255,78.975,25.190,22.647,124.333,0.903,1.112,0.899,0.921
21,1080.441,255,255,255,121.594,37.566,36.619,112.456,0.918,1.026,0.975,0.949
22,1024.436,255,255,255,129.711,37.396,34.880,154.989,0.765,1.072,0.933,0.867
23,1460.812,255,255,255,142.303,44.710,41.601,153.844,0.907,1.075,0.930,0.947
24,1099.110,255,255,255,124.496,38.718,36.144,171.927,0.891,1.071,0.934,0.937
25,1253.125,255,255,255,132.766,42.033,37.959,136.854,0.893,1.107,0.903,0.937
26,1087.442,255,255,255,124.125,38.367,36.088,146.508,0.887,1.063,0.941,0.934
27,1192.452,255,255,255,128.446,41.045,36.991,146.813,0.908,1.110,0.901,0.944
28,1605.494,255,255,255,149.679,48.079,42.517,153.648,0.901,1.131,0.884,0.948
29,1075.774,255,255,255,123.754,38.399,35.670,1.166,0.883,1.077,0.929,0.940
30,1124.779,255,255,255,124.125,38.200,37.490,170.865,0.917,1.019,0.981,0.943
31,1099.110,255,255,255,121.965,37.607,37.212,23.041,0.929,1.011,0.990,0.955
32,1180.785,255,255,255,130.606,39.829,37.747,85.276,0.870,1.055,0.948,0.929
33,1178.451,255,255,255,128.446,39.922,37.584,161.007,0.898,1.062,0.941,0.940
34,1008.101,255,255,255,118.909,37.528,34.203,8.522,0.896,1.097,0.911,0.942
35,770.077,255,255,255,101.102,32.426,30.237,171.310,0.947,1.072,0.932,0.947
36,1232.123,255,255,255,145.358,47.905,32.748,82.397,0.733,1.463,0.684,0.877
37,464.380,255,255,255,91.566,26.697,22.147,8.661,0.696,1.205,0.830,0.850
38,1026.769,255,255,255,119.434,36.747,35.576,21.785,0.905,1.033,0.968,0.944
39,1180.785,255,255,255,127.704,39.031,38.519,95.290,0.910,1.013,0.987,0.951
40,1253.125,255,255,255,131.501,41.262,38.668,5.442,0.911,1.067,0.937,0.948
41,1236.790,255,255,255,131.501,42.641,36.930,115.548,0.899,1.155,0.866,0.948
42,1066.440,255,255,255,121.070,38.129,35.612,32.132,0.914,1.071,0.934,0.941
43,1152.782,255,255,255,130.082,40.128,36.577,173.565,0.856,1.097,0.912,0.921
44,1225.122,255,255,255,130.977,40.735,38.293,142.849,0.897,1.064,0.940,0.938
45,1092.109,255,255,255,123.230,38.040,36.554,160.644,0.904,1.041,0.961,0.944
46,1234.457,255,255,255,132.396,41.074,38.266,142.973,0.885,1.073,0.932,0.934
47,1066.440,255,255,255,124.125,38.049,35.686,25.744,0.870,1.066,0.938,0.932
48,1024.436,255,255,255,120.546,37.052,35.204,146.604,0.886,1.053,0.950,0.934
49,1176.117,255,255,255,128.816,40.586,36.896,133.626,0.891,1.100,0.909,0.933
50,154.015,255,255,255,52.680,22.382,8.761,91.063,0.697,2.555,0.391,0.917
51,1127.112,255,255,255,125.915,40.458,35.471,133.745,0.893,1.141,0.877,0.949
52,1047.771,255,255,255,119.280,37.709,35.377,20.788,0.925,1.066,0.938,0.945
53,1267.126,255,255,255,133.661,41.574,38.807,115.428,0.891,1.071,0.933,0.936
54,875.087,255,255,255,137.982,40.462,27.537,5.687,0.578,1.469,0.681,0.829
55,301.030,255,255,255,64.376,21.805,17.578,114.878,0.913,1.240,0.806,0.970
56,693.069,255,255,255,105.794,36.071,24.464,114.443,0.778,1.474,0.678,0.874
57,1362.803,255,255,255,137.087,43.914,39.513,1.568,0.911,1.111,0.900,0.943
58,994.099,255,255,255,117.120,38.022,33.290,21.897,0.911,1.142,0.876,0.939
59,1339.467,255,255,255,141.932,43.587,39.127,93.070,0.836,1.114,0.898,0.935
60,1141.114,255,255,255,126.656,39.991,36.331,179.318,0.894,1.101,0.908,0.939
61,1085.108,255,255,255,124.125,37.310,37.030,80.194,0.885,1.008,0.992,0.946
62,956.762,255,255,255,120.699,36.246,33.609,133.390,0.825,1.078,0.927,0.906
63,1439.810,255,255,255,146.253,46.187,39.691,10.246,0.846,1.164,0.859,0.931
64,1017.435,255,255,255,121.070,36.551,35.442,6.517,0.872,1.031,0.970,0.931
65,1236.790,255,255,255,132.396,40.351,39.025,18.591,0.887,1.034,0.967,0.945
66,996.433,255,255,255,118.015,35.923,35.318,151.862,0.899,1.017,0.983,0.941
67,1068.773,255,255,255,121.070,37.874,35.930,26.297,0.916,1.054,0.949,0.942
68,933.426,255,255,255,117.120,35.129,33.832,11.242,0.855,1.038,0.963,0.910
69,1206.454,255,255,255,129.341,41.339,37.158,156.471,0.906,1.113,0.899,0.945
70,1243.791,255,255,255,130.606,42.636,37.144,106.560,0.916,1.148,0.871,0.949
71,970.764,255,255,255,117.273,37.447,33.007,14.355,0.887,1.134,0.881,0.945
72,1141.114,255,255,255,128.446,40.792,35.618,164.527,0.869,1.145,0.873,0.938
73,1218.122,255,255,255,171.129,53.470,29.006,130.727,0.523,1.843,0.542,0.783
74,996.433,255,255,255,116.749,36.213,35.035,78.705,0.919,1.034,0.967,0.944
75,1050.105,255,255,255,121.070,39.291,34.029,141.944,0.900,1.155,0.866,0.939
76,375.704,255,255,255,83.666,32.917,14.532,164.142,0.674,2.265,0.441,0.841
77,984.765,255,255,255,121.070,38.324,32.717,151.060,0.844,1.171,0.854,0.919
78,1362.803,255,255,255,144.463,46.497,37.318,146.936,0.821,1.246,0.803,0.923
79,1101.443,255,255,255,124.496,38.093,36.815,43.100,0.893,1.035,0.966,0.936
80,1101.443,255,255,255,123.230,39.174,35.800,143.693,0.911,1.094,0.914,0.946
81,1243.791,255,255,255,129.711,40.922,38.699,71.120,0.929,1.057,0.946,0.950
82,1311.464,255,255,255,136.716,41.328,40.404,18.452,0.882,1.023,0.978,0.946
83,1388.472,255,255,255,140.667,43.455,40.682,17.068,0.882,1.068,0.936,0.948
84,1117.778,255,255,255,125.915,37.988,37.465,3.536,0.886,1.014,0.986,0.936
85,1131.780,255,255,255,123.230,38.604,37.328,127.181,0.937,1.034,0.967,0.952
86,1269.460,255,255,255,134.556,41.248,39.186,112.193,0.881,1.053,0.950,0.940
87,1211.121,255,255,255,131.130,40.735,37.856,143.870,0.885,1.076,0.929,0.946
88,1386.138,255,255,255,139.772,45.554,38.742,141.433,0.892,1.176,0.850,0.946
89,1183.118,255,255,255,128.446,40.053,37.610,158.565,0.901,1.065,0.939,0.940
90,403.707,255,255,255,77.556,27.035,19.013,0.291,0.843,1.422,0.703,0.896
91,1157.449,255,255,255,126.656,40.770,36.147,141.261,0.907,1.128,0.887,0.942
92,1213.454,255,255,255,128.816,42.754,36.138,140.468,0.919,1.183,0.845,0.946
93,1094.443,255,255,255,124.125,37.586,37.075,132.348,0.893,1.014,0.986,0.938
94,963.763,255,255,255,121.594,36.603,33.525,100.867,0.819,1.092,0.916,0.911
95,1187.785,255,255,255,131.130,40.510,37.333,155.932,0.868,1.085,0.922,0.932
96,1507.484,255,255,255,148.937,44.917,42.731,1.406,0.854,1.051,0.951,0.926
97,1059.439,255,255,255,121.965,38.341,35.182,101.817,0.895,1.090,0.918,0.939
98,1101.443,255,255,255,125.761,39.239,35.740,1.284,0.875,1.098,0.911,0.926
99,1155.115,255,255,255,127.704,39.674,37.070,40.663,0.890,1.070,0.934,0.946
100,1143.447,255,255,255,125.915,41.400,35.166,154.792,0.906,1.177,0.849,0.939
101,1190.119,255,255,255,127.922,39.400,38.460,67.140,0.914,1.024,0.976,0.947
102,114.345,255,255,255,42.095,15.633,9.313,95.060,0.811,1.679,0.596,0.860
103,1255.459,255,255,255,131.501,40.813,39.166,153.614,0.912,1.042,0.960,0.951
104,1243.791,255,255,255,135.451,40.862,38.756,137.962,0.852,1.054,0.948,0.925
105,1199.453,255,255,255,128.446,40.311,37.885,158.982,0.914,1.064,0.940,0.947
106,1092.109,255,255,255,124.496,39.890,34.859,154.314,0.885,1.144,0.874,0.937
107,1120.112,255,255,255,123.601,39.206,36.376,173.881,0.921,1.078,0.928,0.944
108,970.764,255,255,255,116.225,38.579,32.038,169.357,0.903,1.204,0.830,0.934
109,1222.789,255,255,255,129.865,42.424,36.699,139.727,0.911,1.156,0.865,0.953
110,1033.770,255,255,255,119.804,38.730,33.985,173.854,0.905,1.140,0.877,0.940
111,1155.115,255,255,255,125.915,39.329,37.395,124.114,0.916,1.052,0.951,0.952
112,79.341,255,255,255,32.559,12.336,8.189,37.813,0.941,1.506,0.664,0.919
113,1288.129,255,255,255,135.451,43.160,38.000,15.159,0.882,1.136,0.880,0.941
114,1017.435,255,255,255,139.094,41.053,31.555,159.014,0.661,1.301,0.769,0.820
115,170.350,255,255,255,54.316,18.217,11.906,88.536,0.726,1.530,0.654,0.864
116,1414.141,255,255,255,140.142,43.108,41.768,142.973,0.905,1.032,0.969,0.945
117,1220.455,255,255,255,128.970,39.974,38.874,175.891,0.922,1.028,0.972,0.949
118,401.373,255,255,255,79.870,24.602,20.773,145.879,0.791,1.184,0.844,0.875
119,1325.466,255,255,255,135.297,43.164,39.098,156.623,0.910,1.104,0.906,0.944
120,1339.467,255,255,255,169.646,42.801,39.847,72.916,0.585,1.074,0.931,0.903
121,1031.436,255,255,255,132.242,38.100,34.469,9.367,0.741,1.105,0.905,0.923
122,1152.782,255,255,255,131.501,40.796,35.978,179.367,0.838,1.134,0.882,0.915
123,1236.790,255,255,255,129.711,41.371,38.063,158.744,0.924,1.087,0.920,0.950
124,856.419,255,255,255,111.009,35.559,30.665,162.307,0.873,1.160,0.862,0.923
125,1129.446,255,255,255,128.292,41.721,34.468,162.818,0.862,1.210,0.826,0.924
126,1215.788,255,255,255,131.501,40.696,38.038,150.641,0.884,1.070,0.935,0.935
127,970.764,255,255,255,117.490,37.828,32.675,140.639,0.884,1.158,0.864,0.928
128,1106.110,255,255,255,132.242,41.556,33.890,170.995,0.795,1.226,0.816,0.894
129,1061.773,255,255,255,121.965,38.163,35.424,32.102,0.897,1.077,0.928,0.943
130,1005.767,255,255,255,118.168,36.871,34.731,116.774,0.905,1.062,0.942,0.954
131,1078.108,255,255,255,121.070,37.282,36.819,23.405,0.924,1.013,0.988,0.948
132,928.759,255,255,255,114.065,36.816,32.120,165.535,0.897,1.146,0.872,0.932
133,1031.436,255,255,255,117.644,38.954,33.714,154.470,0.937,1.155,0.865,0.957
134,606.727,255,255,255,100.732,37.038,20.857,172.833,0.751,1.776,0.563,0.889
135,1145.781,255,255,255,126.656,38.847,37.553,143.452,0.898,1.034,0.967,0.935
136,1262.459,255,255,255,132.766,41.658,38.586,129.412,0.900,1.080,0.926,0.936
137,1309.131,255,255,255,134.927,41.934,39.749,147.935,0.904,1.055,0.948,0.946
138,1339.467,255,255,255,138.877,41.916,40.688,76.394,0.873,1.030,0.971,0.936
139,1113.111,255,255,255,127.922,40.863,34.683,66.928,0.855,1.178,0.849,0.921
140,1059.439,255,255,255,124.496,38.101,35.403,111.771,0.859,1.076,0.929,0.919
141,32.670,255,255,255,19.073,7.407,5.616,135.000,1.000,1.319,0.758,0.933
142,863.420,255,255,255,115.854,35.477,30.987,63.513,0.808,1.145,0.873,0.908
143,1122.445,255,255,255,127.180,39.324,36.343,159.568,0.872,1.082,0.924,0.932
144,1024.436,255,255,255,119.804,36.528,35.708,14.102,0.897,1.023,0.978,0.935
145,1360.469,255,255,255,137.611,42.828,40.446,123.765,0.903,1.059,0.944,0.946
146,1220.455,255,255,255,131.872,41.651,37.309,163.536,0.882,1.116,0.896,0.936
147,1120.112,255,255,255,123.754,39.525,36.082,9.819,0.919,1.095,0.913,0.952
148,898.423,255,255,255,115.854,36.493,31.346,152.324,0.841,1.164,0.859,0.911
149,1113.111,255,255,255,125.391,38.251,37.051,134.963,0.890,1.032,0.969,0.933
150,1045.438,255,255,255,119.280,37.423,35.569,173.538,0.923,1.052,0.950,0.944
151,1176.117,255,255,255,128.816,39.625,37.792,150.991,0.891,1.049,0.954,0.937
152,1071.107,255,255,255,122.859,39.149,34.836,156.336,0.892,1.124,0.890,0.949
153,1110.778,255,255,255,127.397,39.776,35.557,170.044,0.860,1.119,0.894,0.921
154,921.759,255,255,255,125.020,36.036,32.568,110.161,0.741,1.106,0.904,0.859
155,1292.796,255,255,255,131.872,41.415,39.745,135.958,0.934,1.042,0.960,0.954
156,1066.440,255,255,255,123.230,38.842,34.958,95.716,0.882,1.111,0.900,0.930
157,1115.445,255,255,255,149.308,38.420,36.966,145.972,0.629,1.039,0.962,0.917
158,1267.126,255,255,255,133.137,41.021,39.330,123.436,0.898,1.043,0.959,0.936
159,1306.797,255,255,255,137.087,42.004,39.613,24.879,0.874,1.060,0.943,0.936
160,875.087,255,255,255,110.114,34.734,32.078,145.974,0.907,1.083,0.924,0.934
161,1073.440,255,255,255,123.601,39.899,34.256,126.697,0.883,1.165,0.859,0.940
162,18.669,255,255,255,13.857,5.404,4.399,45.000,1.000,1.229,0.814,0.941
163,1320.798,255,255,255,133.661,41.993,40.047,44.689,0.929,1.049,0.954,0.954
164,1250.792,255,255,255,132.766,42.024,37.896,172.399,0.892,1.109,0.902,0.937
165,1143.447,255,255,255,126.285,40.153,36.258,129.549,0.901,1.107,0.903,0.945
166,1031.436,255,255,255,120.699,37.988,34.571,140.324,0.890,1.099,0.910,0.933
167,1085.108,255,255,255,125.915,38.672,35.727,117.147,0.860,1.082,0.924,0.925
168,1138.780,255,255,255,125.761,38.415,37.744,54.095,0.905,1.018,0.983,0.935
169,994.099,255,255,255,124.496,37.731,33.546,47.631,0.806,1.125,0.889,0.905
170,949.761,255,255,255,114.065,36.184,33.420,131.911,0.917,1.083,0.924,0.942
171,1563.489,255,255,255,161.746,52.539,37.890,119.043,0.751,1.387,0.721,0.895
172,1339.467,255,255,255,151.098,47.129,36.187,133.309,0.737,1.302,0.768,0.892
173,1225.122,255,255,255,130.235,40.398,38.613,151.250,0.908,1.046,0.956,0.948
174,1122.445,255,255,255,125.391,38.872,36.765,171.916,0.897,1.057,0.946,0.933
175,1208.787,255,255,255,131.501,40.091,38.390,135.002,0.878,1.044,0.958,0.939
176,1227.456,255,255,255,132.025,42.923,36.410,72.477,0.885,1.179,0.848,0.950
177,1250.792,255,255,255,133.661,40.996,38.847,156.111,0.880,1.055,0.948,0.945
178,1171.450,255,255,255,127.180,41.182,36.218,171.055,0.910,1.137,0.879,0.944
179,1178.451,255,255,255,126.285,39.176,38.301,12.829,0.929,1.023,0.978,0.947
180,1136.447,255,255,255,125.391,39.552,36.584,131.824,0.908,1.081,0.925,0.942
181,1374.471,255,255,255,139.618,42.721,40.964,134.824,0.886,1.043,0.959,0.934
182,1278.794,255,255,255,134.927,41.825,38.929,151.508,0.883,1.074,0.931,0.932
183,912.424,255,255,255,122.489,35.423,32.796,29.351,0.764,1.080,0.926,0.896
184,1234.457,255,255,255,131.872,40.145,39.152,13.516,0.892,1.025,0.975,0.939
185,1215.788,255,255,255,129.341,41.213,37.561,177.370,0.913,1.097,0.911,0.948
186,1204.120,255,255,255,128.970,39.448,38.865,9.374,0.910,1.015,0.985,0.951
187,1192.452,255,255,255,130.235,42.016,36.136,170.200,0.883,1.163,0.860,0.941
188,1080.441,255,255,255,125.391,39.352,34.958,143.069,0.864,1.126,0.888,0.925
189,1185.452,255,255,255,128.816,40.190,37.555,142.971,0.898,1.070,0.934,0.942
190,1043.104,255,255,255,139.618,38.911,34.132,92.970,0.672,1.140,0.877,0.891
191,1211.121,255,255,255,132.025,40.593,37.988,108.011,0.873,1.069,0.936,0.940
192,1283.461,255,255,255,132.396,41.463,39.412,163.518,0.920,1.052,0.951,0.950
193,1120.112,255,255,255,126.285,39.927,35.719,118.983,0.883,1.118,0.895,0.929
194,1115.445,255,255,255,131.347,39.553,35.907,125.390,0.812,1.102,0.908,0.912
195,1246.124,255,255,255,133.291,41.487,38.244,107.593,0.881,1.085,0.922,0.942
196,1061.773,255,255,255,120.546,38.445,35.164,134.969,0.918,1.093,0.915,0.944
197,1241.457,255,255,255,133.291,41.384,38.195,139.650,0.878,1.083,0.923,0.938
198,1234.457,255,255,255,131.130,41.791,37.610,142.252,0.902,1.111,0.900,0.944
199,1194.786,255,255,255,128.970,40.638,37.435,159.451,0.903,1.086,0.921,0.946
200,1278.794,255,255,255,134.556,40.875,39.834,55.602,0.888,1.026,0.975,0.942
201,1299.796,255,255,255,134.556,41.525,39.854,174.297,0.902,1.042,0.960,0.947
202,1346.468,255,255,255,137.611,42.913,39.950,144.178,0.894,1.074,0.931,0.947
203,1038.437,255,255,255,120.916,37.211,35.531,99.049,0.893,1.047,0.955,0.934
204,1283.461,255,255,255,136.346,41.605,39.278,166.801,0.868,1.059,0.944,0.944
205,1248.458,255,255,255,135.297,40.535,39.215,160.313,0.857,1.034,0.967,0.931
206,1288.129,255,255,255,141.037,41.067,39.937,50.995,0.814,1.028,0.972,0.922
207,1085.108,255,255,255,125.391,38.718,35.684,122.754,0.867,1.085,0.922,0.932
208,1257.792,255,255,255,134.032,41.064,38.999,160.064,0.880,1.053,0.950,0.930
209,1080.441,255,255,255,124.125,38.814,35.442,127.026,0.881,1.095,0.913,0.935
210,1435.143,255,255,255,141.932,43.884,41.639,126.469,0.895,1.054,0.949,0.948
211,1185.452,255,255,255,129.341,40.248,37.501,114.670,0.890,1.073,0.932,0.932
212,1290.462,255,255,255,135.822,41.524,39.569,126.944,0.879,1.049,0.953,0.946
213,1180.785,255,255,255,131.501,40.450,37.168,169.897,0.858,1.088,0.919,0.922
214,1407.140,255,255,255,141.778,43.230,41.444,82.461,0.880,1.043,0.959,0.938
215,921.759,255,255,255,112.953,35.330,33.219,32.264,0.908,1.064,0.940,0.946
216,1374.471,255,255,255,146.253,43.968,39.803,153.286,0.807,1.105,0.905,0.920
217,1206.454,255,255,255,129.711,40.087,38.319,178.540,0.901,1.046,0.956,0.946
218,1206.454,255,255,255,127.704,40.806,37.644,175.596,0.930,1.084,0.923,0.956
219,1442.144,255,255,255,141.561,44.890,40.904,150.257,0.904,1.097,0.911,0.951
220,1243.791,255,255,255,133.291,41.015,38.611,108.000,0.880,1.062,0.941,0.938
221,1355.802,255,255,255,135.451,43.639,39.557,139.089,0.929,1.103,0.906,0.964
222,1255.459,255,255,255,136.346,40.229,39.735,166.482,0.849,1.012,0.988,0.935
223,1290.462,255,255,255,132.766,41.925,39.190,140.372,0.920,1.070,0.935,0.951
224,1110.778,255,255,255,126.656,39.123,36.150,171.927,0.870,1.082,0.924,0.922
225,987.099,255,255,255,120.175,37.729,33.312,153.743,0.859,1.133,0.883,0.919
226,1269.460,255,255,255,132.242,40.682,39.731,107.834,0.912,1.024,0.977,0.945
227,1313.798,255,255,255,135.297,42.620,39.248,169.932,0.902,1.086,0.921,0.943
228,1185.452,255,255,255,128.816,40.349,37.407,149.984,0.898,1.079,0.927,0.936
229,1365.136,255,255,255,137.611,42.455,40.941,6.555,0.906,1.037,0.964,0.946
230,1101.443,255,255,255,126.285,37.809,37.092,47.411,0.868,1.019,0.981,0.935
231,1390.805,255,255,255,137.241,42.614,41.555,7.625,0.928,1.026,0.975,0.957
232,1017.435,255,255,255,120.175,37.826,34.247,144.697,0.885,1.104,0.905,0.945
233,1302.130,255,255,255,137.458,43.040,38.521,149.983,0.866,1.117,0.895,0.938
234,1211.121,255,255,255,128.446,41.100,37.519,166.210,0.922,1.095,0.913,0.948
235,1243.791,255,255,255,134.927,40.954,38.669,2.030,0.859,1.059,0.944,0.931
236,1101.443,255,255,255,124.125,37.565,37.333,81.510,0.898,1.006,0.994,0.937
237,1169.117,255,255,255,129.341,40.021,37.194,158.811,0.878,1.076,0.929,0.926
238,1229.789,255,255,255,131.130,40.940,38.247,164.854,0.899,1.070,0.934,0.944
239,1152.782,255,255,255,126.285,40.232,36.482,93.121,0.908,1.103,0.907,0.945
240,1260.126,255,255,255,139.618,42.573,37.687,110.604,0.812,1.130,0.885,0.938
241,1211.121,255,255,255,132.025,39.349,39.189,148.510,0.873,1.004,0.996,0.929
242,982.431,255,255,255,120.175,36.670,34.111,109.579,0.855,1.075,0.930,0.918
243,1337.133,255,255,255,135.822,41.693,40.834,146.909,0.911,1.021,0.979,0.942
244,1295.129,255,255,255,134.032,41.964,39.296,143.368,0.906,1.068,0.936,0.945
245,1068.773,255,255,255,122.859,38.244,35.582,133.275,0.890,1.075,0.930,0.935
246,1054.772,255,255,255,122.489,38.847,34.571,155.818,0.883,1.124,0.890,0.941
247,1138.780,255,255,255,130.082,41.001,35.363,166.698,0.846,1.159,0.862,0.924
248,1190.119,255,255,255,128.075,40.838,37.105,152.010,0.912,1.101,0.909,0.947
249,1199.453,255,255,255,127.180,39.668,38.499,34.863,0.932,1.030,0.971,0.954
250,1194.786,255,255,255,128.816,39.508,38.505,57.748,0.905,1.026,0.975,0.939
251,1278.794,255,255,255,133.661,41.674,39.071,144.164,0.899,1.067,0.938,0.942
252,973.097,255,255,255,114.959,35.708,34.698,19.742,0.925,1.029,0.972,0.942
253,1255.459,255,255,255,133.291,41.418,38.594,0.098,0.888,1.073,0.932,0.937
254,1117.778,255,255,255,121.440,39.094,36.404,115.305,0.952,1.074,0.931,0.957
255,1078.108,255,255,255,121.965,38.807,35.372,148.461,0.911,1.097,0.911,0.944
256,1540.154,255,255,255,146.994,45.110,43.471,150.174,0.896,1.038,0.964,0.937
257,1080.441,255,255,255,121.965,38.669,35.576,151.115,0.913,1.087,0.920,0.946
258,1089.775,255,255,255,124.125,38.689,35.864,159.801,0.889,1.079,0.927,0.941
259,1360.469,255,255,255,136.716,44.019,39.351,116.449,0.915,1.119,0.894,0.949
260,1218.122,255,255,255,128.446,39.654,39.112,39.175,0.928,1.014,0.986,0.948
261,1057.106,255,255,255,128.075,37.933,35.482,154.560,0.810,1.069,0.935,0.912
262,1274.127,255,255,255,133.661,41.336,39.246,2.169,0.896,1.053,0.949,0.943
263,1136.447,255,255,255,124.125,38.329,37.751,11.972,0.927,1.015,0.985,0.947
264,1332.466,255,255,255,138.506,43.524,38.980,121.882,0.873,1.117,0.896,0.943
265,1108.444,255,255,255,124.496,39.677,35.570,4.943,0.899,1.115,0.896,0.940
266,1332.466,255,255,255,134.927,41.891,40.500,163.759,0.920,1.034,0.967,0.956
267,1110.778,255,255,255,123.230,39.881,35.463,140.670,0.919,1.125,0.889,0.944
268,1201.787,255,255,255,130.082,39.850,38.398,11.440,0.892,1.038,0.964,0.933
269,1204.120,255,255,255,129.341,40.086,38.246,138.142,0.905,1.048,0.954,0.942
270,1458.479,255,255,255,150.573,46.076,40.303,155.617,0.808,1.143,0.875,0.918
271,1311.464,255,255,255,138.506,44.407,37.602,2.389,0.859,1.181,0.847,0.936
272,1353.468,255,255,255,139.772,42.697,40.361,126.886,0.871,1.058,0.945,0.932
273,1183.118,255,255,255,127.334,40.915,36.818,161.256,0.917,1.111,0.900,0.962
274,1316.131,255,255,255,136.192,42.354,39.565,7.039,0.892,1.070,0.934,0.942
275,1045.438,255,255,255,121.965,37.808,35.206,74.306,0.883,1.074,0.931,0.930
276,1400.140,255,255,255,141.932,44.228,40.307,115.010,0.873,1.097,0.911,0.934
277,1129.446,255,255,255,125.391,39.227,36.660,153.390,0.903,1.070,0.935,0.940
278,1353.468,255,255,255,139.247,42.877,40.192,166.701,0.877,1.067,0.937,0.930
279,1290.462,255,255,255,135.451,42.548,38.616,153.419,0.884,1.102,0.908,0.936
280,1327.799,255,255,255,134.556,42.652,39.637,40.141,0.922,1.076,0.929,0.949
281,1334.800,255,255,255,138.353,43.104,39.428,124.451,0.876,1.093,0.915,0.934
282,907.757,255,255,255,111.904,36.699,31.494,163.551,0.911,1.165,0.858,0.941
283,1120.112,255,255,255,124.125,39.100,36.475,169.014,0.914,1.072,0.933,0.947
284,1166.783,255,255,255,128.446,40.512,36.670,163.096,0.889,1.105,0.905,0.946
285,1225.122,255,255,255,131.130,42.079,37.070,172.380,0.895,1.135,0.881,0.949
286,998.766,255,255,255,120.175,38.135,33.346,0.291,0.869,1.144,0.874,0.927
287,1346.468,255,255,255,137.241,43.139,39.741,162.532,0.898,1.086,0.921,0.945
288,1159.782,255,255,255,128.970,39.717,37.180,142.081,0.876,1.068,0.936,0.939
289,1213.454,255,255,255,130.606,42.520,36.336,175.100,0.894,1.170,0.855,0.947
290,1288.129,255,255,255,134.556,42.353,38.724,176.300,0.894,1.094,0.914,0.940
291,1082.775,255,255,255,121.070,38.136,36.150,109.048,0.928,1.055,0.948,0.948
292,1038.437,255,255,255,121.440,37.053,35.683,50.208,0.885,1.038,0.963,0.930
293,1232.123,255,255,255,133.661,40.061,39.160,42.388,0.867,1.023,0.977,0.934
294,1330.133,255,255,255,137.611,43.658,38.792,129.609,0.883,1.125,0.889,0.942
295,1430.476,255,255,255,146.623,43.124,42.235,65.669,0.836,1.021,0.979,0.912
296,1071.107,255,255,255,121.440,39.029,34.943,172.952,0.913,1.117,0.895,0.944
297,987.099,255,255,255,115.854,36.342,34.583,102.947,0.924,1.051,0.952,0.946
298,79.341,255,255,255,31.664,10.464,9.654,161.565,0.994,1.084,0.923,0.919
299,1171.450,255,255,255,127.180,39.951,37.334,165.589,0.910,1.070,0.935,0.946
300,1255.459,255,255,255,130.977,41.553,38.469,114.827,0.920,1.080,0.926,0.945
301,1250.792,255,255,255,133.661,40.621,39.205,83.560,0.880,1.036,0.965,0.933
302,1346.468,255,255,255,136.192,43.360,39.538,28.688,0.912,1.097,0.912,0.947
303,1045.438,255,255,255,120.699,36.684,36.285,114.126,0.902,1.011,0.989,0.943
304,1148.115,255,255,255,127.180,39.226,37.267,2.290,0.892,1.053,0.950,0.939
305,1365.136,255,255,255,136.346,43.566,39.897,18.190,0.923,1.092,0.916,0.957
306,1110.778,255,255,255,128.446,38.940,36.319,32.135,0.846,1.072,0.933,0.923
307,1481.815,255,255,255,155.943,45.669,41.313,31.887,0.766,1.105,0.905,0.912
308,1421.142,255,255,255,141.037,43.179,41.906,150.814,0.898,1.030,0.971,0.946
309,1008.101,255,255,255,118.015,37.875,33.889,22.940,0.910,1.118,0.895,0.940
310,1094.443,255,255,255,125.020,39.759,35.048,175.664,0.880,1.134,0.881,0.931
311,1194.786,255,255,255,131.501,39.659,38.359,35.096,0.868,1.034,0.967,0.924
312,1325.466,255,255,255,135.451,43.891,38.451,176.364,0.908,1.141,0.876,0.947
313,1115.445,255,255,255,134.403,38.336,37.047,150.362,0.776,1.035,0.966,0.901
314,1554.155,255,255,255,148.784,45.655,43.342,165.850,0.882,1.053,0.949,0.937
315,1395.473,255,255,255,138.877,44.012,40.370,172.410,0.909,1.090,0.917,0.948
316,1400.140,255,255,255,141.778,42.908,41.547,87.940,0.875,1.033,0.968,0.941
317,1297.463,255,255,255,134.556,41.685,39.630,93.679,0.901,1.052,0.951,0.942
318,1166.783,255,255,255,127.551,40.786,36.425,3.822,0.901,1.120,0.893,0.939
319,1281.128,255,255,255,134.927,41.364,39.435,78.456,0.884,1.049,0.953,0.935
320,1129.446,255,255,255,125.761,39.349,36.546,25.524,0.897,1.077,0.929,0.942
321,1171.450,255,255,255,128.970,39.654,37.614,5.461,0.885,1.054,0.949,0.939
322,1099.110,255,255,255,124.649,38.023,36.805,35.496,0.889,1.033,0.968,0.943
323,1162.116,255,255,255,126.285,39.855,37.126,125.378,0.916,1.074,0.932,0.950
324,1194.786,255,255,255,128.970,41.757,36.431,170.250,0.903,1.146,0.872,0.953
325,1383.805,255,255,255,140.142,42.463,41.493,50.103,0.885,1.023,0.977,0.941
326,1152.782,255,255,255,127.027,39.738,36.936,162.579,0.898,1.076,0.929,0.936
327,1131.780,255,255,255,125.915,39.237,36.726,134.033,0.897,1.068,0.936,0.933
328,1134.113,255,255,255,128.075,39.580,36.483,5.879,0.869,1.085,0.922,0.938
329,977.764,255,255,255,118.015,36.597,34.018,158.041,0.882,1.076,0.930,0.937
330,1248.458,255,255,255,133.661,41.425,38.373,19.505,0.878,1.080,0.926,0.938
331,1276.461,255,255,255,134.185,40.573,40.057,58.234,0.891,1.013,0.987,0.941
332,1260.126,255,255,255,131.501,42.267,37.959,152.707,0.916,1.113,0.898,0.949
333,1073.440,255,255,255,121.594,37.443,36.502,128.915,0.912,1.026,0.975,0.947
334,1197.119,255,255,255,129.865,40.086,38.024,148.024,0.892,1.054,0.949,0.942
335,1414.141,255,255,255,144.092,44.184,40.751,134.385,0.856,1.084,0.922,0.932
336,1089.775,255,255,255,123.754,38.022,36.493,132.769,0.894,1.042,0.960,0.941
337,1439.810,255,255,255,143.198,43.507,42.136,120.952,0.882,1.033,0.968,0.937
338,1183.118,255,255,255,128.970,40.533,37.165,125.520,0.894,1.091,0.917,0.945
339,1012.768,255,255,255,116.749,37.375,34.502,130.114,0.934,1.083,0.923,0.951
340,1178.451,255,255,255,128.075,39.344,38.137,122.010,0.903,1.032,0.969,0.947
341,1131.780,255,255,255,125.020,39.142,36.816,12.438,0.910,1.063,0.941,0.944
342,1318.465,255,255,255,134.927,42.883,39.147,177.220,0.910,1.095,0.913,0.945
343,1276.461,255,255,255,134.556,40.953,39.685,132.777,0.886,1.032,0.969,0.941
344,1145.781,255,255,255,131.872,40.514,36.009,43.007,0.828,1.125,0.889,0.922
345,1045.438,255,255,255,122.859,37.116,35.863,174.558,0.870,1.035,0.966,0.933
346,1010.434,255,255,255,119.804,37.833,34.005,118.146,0.885,1.113,0.899,0.931
347,1444.478,255,255,255,143.198,43.590,42.193,40.066,0.885,1.033,0.968,0.940
348,1453.812,255,255,255,144.987,44.544,41.555,128.575,0.869,1.072,0.933,0.930
349,1638.164,255,255,255,152.517,48.258,43.221,139.551,0.885,1.117,0.896,0.949
350,1362.803,255,255,255,138.136,42.453,40.873,138.892,0.897,1.039,0.963,0.948
351,1477.147,255,255,255,141.932,43.505,43.231,134.057,0.921,1.006,0.994,0.954
352,1082.775,255,255,255,124.649,37.445,36.818,154.825,0.876,1.017,0.983,0.942
353,1346.468,255,255,255,138.877,43.727,39.206,9.387,0.877,1.115,0.897,0.938
354,1292.796,255,255,255,137.982,42.613,38.627,177.967,0.853,1.103,0.906,0.920
355,1215.788,255,255,255,128.446,40.751,37.987,169.182,0.926,1.073,0.932,0.952
356,1208.787,255,255,255,130.977,41.085,37.461,167.112,0.885,1.097,0.912,0.932
357,1386.138,255,255,255,140.142,42.839,41.198,112.545,0.887,1.040,0.962,0.937
358,1078.108,255,255,255,121.070,37.552,36.554,9.940,0.924,1.027,0.973,0.948
359,1246.124,255,255,255,131.501,40.360,39.311,168.624,0.906,1.027,0.974,0.941
360,1141.114,255,255,255,128.599,39.476,36.805,27.732,0.867,1.073,0.932,0.938
361,1201.787,255,255,255,127.551,39.950,38.302,157.275,0.928,1.043,0.959,0.950
362,1152.782,255,255,255,126.285,39.383,37.269,20.660,0.908,1.057,0.946,0.945
363,1043.104,255,255,255,119.804,36.763,36.126,1.788,0.913,1.018,0.983,0.944
364,1106.110,255,255,255,127.027,39.356,35.785,140.808,0.861,1.100,0.909,0.930
365,1250.792,255,255,255,131.501,41.576,38.305,175.720,0.909,1.085,0.921,0.948
366,1316.131,255,255,255,135.451,42.113,39.792,137.853,0.901,1.058,0.945,0.946
367,1250.792,255,255,255,138.506,40.884,38.953,120.571,0.819,1.050,0.953,0.920
368,1428.143,255,255,255,140.667,44.549,40.817,138.301,0.907,1.091,0.916,0.953
369,1330.133,255,255,255,136.716,42.662,39.698,149.421,0.894,1.075,0.931,0.944
370,1400.140,255,255,255,139.772,42.635,41.813,151.473,0.901,1.020,0.981,0.951
371,1054.772,255,255,255,124.649,37.980,35.360,11.831,0.853,1.074,0.931,0.929
372,1460.812,255,255,255,144.987,44.059,42.215,160.909,0.873,1.044,0.958,0.936
373,1369.803,255,255,255,141.037,42.480,41.057,121.437,0.865,1.035,0.967,0.938
374,1101.443,255,255,255,123.230,38.408,36.513,137.647,0.911,1.052,0.951,0.943
375,1421.142,255,255,255,141.932,42.788,42.288,139.571,0.887,1.012,0.988,0.941
376,1456.145,255,255,255,142.303,44.104,42.038,173.079,0.904,1.049,0.953,0.950
377,994.099,255,255,255,117.644,35.735,35.420,149.424,0.903,1.009,0.991,0.941
378,1197.119,255,255,255,128.816,41.332,36.878,129.075,0.907,1.121,0.892,0.942
379,1054.772,255,255,255,121.070,36.876,36.419,128.088,0.904,1.013,0.988,0.936
380,996.433,255,255,255,131.872,38.894,32.619,168.613,0.720,1.192,0.839,0.909
381,1162.116,255,255,255,126.656,39.318,37.633,148.450,0.910,1.045,0.957,0.943
382,1311.464,255,255,255,137.611,41.542,40.195,172.618,0.870,1.034,0.968,0.928
383,1138.780,255,255,255,128.446,40.253,36.021,47.554,0.867,1.117,0.895,0.928
384,1229.789,255,255,255,132.242,41.496,37.734,145.181,0.884,1.100,0.909,0.929
385,1176.117,255,255,255,127.922,39.489,37.921,151.013,0.903,1.041,0.960,0.935
386,1134.113,255,255,255,127.180,38.216,37.785,38.680,0.881,1.011,0.989,0.935
387,1465.480,255,255,255,144.092,43.316,43.077,109.452,0.887,1.006,0.994,0.946
388,1330.133,255,255,255,135.822,42.039,40.286,166.173,0.906,1.044,0.958,0.944
389,1360.469,255,255,255,138.506,43.234,40.066,161.625,0.891,1.079,0.927,0.942
390,1316.131,255,255,255,148.413,45.378,36.928,138.051,0.751,1.229,0.814,0.901
391,1239.124,255,255,255,130.760,41.473,38.041,136.741,0.911,1.090,0.917,0.953
392,900.757,255,255,255,114.589,35.883,31.962,164.310,0.862,1.123,0.891,0.926
393,1481.815,255,255,255,143.198,44.930,41.993,162.770,0.908,1.070,0.935,0.946
394,1255.459,255,255,255,133.291,41.972,38.085,156.770,0.888,1.102,0.907,0.943
395,1260.126,255,255,255,133.137,40.183,39.928,28.773,0.893,1.006,0.994,0.934
396,1220.455,255,255,255,131.872,40.934,37.962,161.375,0.882,1.078,0.927,0.932
397,1453.812,255,255,255,151.992,47.706,38.801,55.140,0.791,1.230,0.813,0.911
398,1355.802,255,255,255,137.982,42.597,40.526,152.222,0.895,1.051,0.951,0.937
399,1164.450,255,255,255,127.180,39.916,37.144,172.521,0.905,1.075,0.931,0.946
400,1185.452,255,255,255,127.551,39.624,38.092,158.933,0.916,1.040,0.961,0.947
401,1038.437,255,255,255,120.175,37.878,34.907,167.949,0.904,1.085,0.922,0.941
402,1465.480,255,255,255,141.932,43.941,42.463,173.883,0.914,1.035,0.966,0.953
403,1416.475,255,255,255,142.303,43.889,41.092,16.229,0.879,1.068,0.936,0.945
404,1313.798,255,255,255,135.451,42.549,39.314,133.473,0.900,1.082,0.924,0.945
405,1143.447,255,255,255,127.922,38.411,37.903,23.522,0.878,1.013,0.987,0.931
406,1187.785,255,255,255,130.606,40.962,36.921,156.275,0.875,1.109,0.901,0.930
407,1379.138,255,255,255,139.030,42.347,41.466,0.960,0.897,1.021,0.979,0.958
408,1122.445,255,255,255,125.915,40.100,35.640,8.112,0.890,1.125,0.889,0.937
409,963.763,255,255,255,121.070,39.165,31.332,153.751,0.826,1.250,0.800,0.913
410,1096.776,255,255,255,119.804,38.109,36.644,113.556,0.960,1.040,0.962,0.964
411,1057.106,255,255,255,120.699,37.762,35.643,0.258,0.912,1.059,0.944,0.942
412,1148.115,255,255,255,127.180,40.292,36.280,3.000,0.892,1.111,0.900,0.938
413,1341.801,255,255,255,137.241,41.400,41.266,171.718,0.895,1.003,0.997,0.946
414,1383.805,255,255,255,137.611,42.308,41.644,135.391,0.918,1.016,0.984,0.953
415,1029.103,255,255,255,118.909,37.299,35.130,154.824,0.915,1.062,0.942,0.946
416,23.336,255,255,255,16.017,6.413,4.633,180.000,1.000,1.384,0.723,0.909
417,1379.138,255,255,255,137.982,43.376,40.483,125.594,0.910,1.071,0.933,0.945
418,1374.471,255,255,255,136.346,42.054,41.614,139.154,0.929,1.011,0.990,0.955
419,1323.132,255,255,255,135.451,42.135,39.982,152.739,0.906,1.054,0.949,0.947
420,1299.796,255,255,255,138.877,45.363,36.483,161.301,0.847,1.243,0.804,0.929
421,1150.448,255,255,255,125.915,40.086,36.541,132.892,0.912,1.097,0.912,0.951
422,1565.823,255,255,255,151.839,46.034,43.309,167.676,0.853,1.063,0.941,0.929
423,1141.114,255,255,255,126.656,39.921,36.394,132.348,0.894,1.097,0.912,0.937
424,1127.112,255,255,255,126.285,38.704,37.078,173.380,0.888,1.044,0.958,0.938
425,1190.119,255,255,255,129.341,40.126,37.764,158.407,0.894,1.063,0.941,0.937
426,1241.457,255,255,255,132.025,40.503,39.026,153.330,0.895,1.038,0.964,0.945
427,1026.769,255,255,255,119.804,37.855,34.535,176.017,0.899,1.096,0.912,0.943
428,1045.438,255,255,255,119.804,37.767,35.245,163.467,0.915,1.072,0.933,0.949
429,1185.452,255,255,255,129.341,40.301,37.452,145.786,0.890,1.076,0.929,0.942
430,1220.455,255,255,255,129.341,40.635,38.242,1.903,0.917,1.063,0.941,0.949
431,1141.114,255,255,255,125.761,39.620,36.671,22.026,0.907,1.080,0.926,0.937
432,1176.117,255,255,255,128.446,40.562,36.918,153.467,0.896,1.099,0.910,0.953
433,1190.119,255,255,255,128.970,40.090,37.797,125.129,0.899,1.061,0.943,0.939
434,1327.799,255,255,255,137.087,42.870,39.436,156.989,0.888,1.087,0.920,0.936
435,1096.776,255,255,255,123.230,38.231,36.527,138.673,0.908,1.047,0.955,0.940
436,1110.778,255,255,255,132.396,42.718,33.107,146.103,0.796,1.290,0.775,0.915
437,1080.441,255,255,255,123.601,39.160,35.130,140.022,0.889,1.115,0.897,0.927
438,1045.438,255,255,255,119.804,38.458,34.611,162.517,0.915,1.111,0.900,0.944
439,1155.115,255,255,255,126.285,39.099,37.616,154.110,0.910,1.039,0.962,0.944
440,1141.114,255,255,255,125.544,38.207,38.027,27.797,0.910,1.005,0.995,0.957
441,1033.770,255,255,255,121.070,37.683,34.929,167.882,0.886,1.079,0.927,0.937
442,1208.787,255,255,255,128.970,41.606,36.992,4.160,0.913,1.125,0.889,0.947
443,1129.446,255,255,255,127.027,39.459,36.444,2.984,0.880,1.083,0.924,0.931
444,1040.771,255,255,255,123.230,38.055,34.822,138.309,0.861,1.093,0.915,0.922
445,1297.463,255,255,255,134.556,44.329,37.266,145.992,0.901,1.190,0.841,0.947
446,1411.808,255,255,255,141.932,43.164,41.645,68.347,0.881,1.036,0.965,0.946
447,1243.791,255,255,255,132.242,40.438,39.162,148.880,0.894,1.033,0.968,0.941
448,1255.459,255,255,255,131.130,41.224,38.776,143.279,0.918,1.063,0.941,0.956
449,1379.138,255,255,255,139.401,43.508,40.360,138.021,0.892,1.078,0.928,0.946
450,1285.795,255,255,255,142.303,44.026,37.185,169.663,0.798,1.184,0.845,0.902
451,1192.452,255,255,255,128.446,39.418,38.518,76.282,0.908,1.023,0.977,0.947
452,1337.133,255,255,255,135.975,42.539,40.022,22.654,0.909,1.063,0.941,0.950
453,1369.803,255,255,255,138.877,44.568,39.133,157.272,0.893,1.139,0.878,0.944
454,1393.139,255,255,255,141.561,43.327,40.939,122.627,0.874,1.058,0.945,0.939
455,1374.471,255,255,255,141.037,45.003,38.887,74.989,0.868,1.157,0.864,0.933
456,938.094,255,255,255,120.021,35.931,33.242,153.924,0.818,1.081,0.925,0.910
457,35.003,255,255,255,22.498,9.144,4.874,53.130,0.869,1.876,0.533,0.789
458,1206.454,255,255,255,131.872,40.557,37.875,11.735,0.872,1.071,0.934,0.937
459,1201.787,255,255,255,129.711,40.233,38.032,175.660,0.898,1.058,0.945,0.937
460,1183.118,255,255,255,129.341,40.217,37.456,144.753,0.889,1.074,0.931,0.950
461,1129.446,255,255,255,137.458,45.140,31.857,165.598,0.751,1.417,0.706,0.891
462,1208.787,255,255,255,131.130,40.242,38.246,144.770,0.883,1.052,0.950,0.933
463,1150.448,255,255,255,127.027,40.880,35.832,150.628,0.896,1.141,0.877,0.933
464,1362.803,255,255,255,139.247,42.271,41.049,116.157,0.883,1.030,0.971,0.941
465,1264.793,255,255,255,135.297,42.245,38.120,135.818,0.868,1.108,0.902,0.926
466,1185.452,255,255,255,130.606,39.968,37.764,169.164,0.873,1.058,0.945,0.937
467,1229.789,255,255,255,132.396,42.741,36.635,170.898,0.882,1.167,0.857,0.934
468,1096.776,255,255,255,126.285,40.095,34.829,166.975,0.864,1.151,0.869,0.932
469,1017.435,255,255,255,119.804,37.198,34.826,82.898,0.891,1.068,0.936,0.937
470,1087.442,255,255,255,122.335,39.064,35.444,20.483,0.913,1.102,0.907,0.945
471,1488.815,255,255,255,143.722,45.777,41.410,170.819,0.906,1.105,0.905,0.955
472,1187.785,255,255,255,143.198,40.998,36.888,129.563,0.728,1.111,0.900,0.883
473,1136.447,255,255,255,126.285,40.472,35.752,145.000,0.895,1.132,0.883,0.944
474,1311.464,255,255,255,134.032,41.436,40.298,36.508,0.917,1.028,0.973,0.943
475,1330.133,255,255,255,135.822,42.083,40.244,150.232,0.906,1.046,0.956,0.944
476,1703.503,255,255,255,155.048,48.203,44.996,8.889,0.890,1.071,0.933,0.952
477,1031.436,255,255,255,124.496,41.567,31.594,134.326,0.836,1.316,0.760,0.921
478,1491.149,255,255,255,150.049,48.002,39.553,107.862,0.832,1.214,0.824,0.924
479,1089.775,255,255,255,122.335,37.883,36.627,152.395,0.915,1.034,0.967,0.944
480,1208.787,255,255,255,130.606,41.068,37.477,80.012,0.890,1.096,0.913,0.945
481,1362.803,255,255,255,137.458,43.749,39.662,81.829,0.906,1.103,0.907,0.937
482,1255.459,255,255,255,132.396,41.584,38.441,149.206,0.900,1.082,0.924,0.946
483,1278.794,255,255,255,132.396,41.792,38.960,161.682,0.917,1.073,0.932,0.948
484,1579.824,255,255,255,150.203,46.415,43.338,17.039,0.880,1.071,0.934,0.942
485,1110.778,255,255,255,123.754,39.543,35.766,139.462,0.911,1.106,0.904,0.953
486,1351.135,255,255,255,137.982,43.311,39.720,158.343,0.892,1.090,0.917,0.941
487,1269.460,255,255,255,131.872,41.846,38.626,153.938,0.917,1.083,0.923,0.948
488,1066.440,255,255,255,121.594,38.094,35.644,2.960,0.906,1.069,0.936,0.944
489,1400.140,255,255,255,143.351,44.893,39.710,131.980,0.856,1.131,0.885,0.938
490,1026.769,255,255,255,122.859,38.608,33.862,129.487,0.855,1.140,0.877,0.928
491,1157.449,255,255,255,125.020,38.506,38.272,169.671,0.931,1.006,0.994,0.954
492,975.431,255,255,255,117.644,36.463,34.061,134.030,0.886,1.071,0.934,0.938
493,1190.119,255,255,255,130.453,41.219,36.762,27.696,0.879,1.121,0.892,0.932
494,1204.120,255,255,255,130.606,41.697,36.768,166.223,0.887,1.134,0.882,0.941
495,1073.440,255,255,255,122.489,38.849,35.181,105.870,0.899,1.104,0.906,0.940
496,1185.452,255,255,255,129.341,40.780,37.013,44.216,0.890,1.102,0.908,0.940
497,1554.155,255,255,255,149.308,46.256,42.780,130.076,0.876,1.081,0.925,0.947
498,1257.792,255,255,255,135.822,40.348,39.691,175.917,0.857,1.017,0.984,0.935
499,1395.473,255,255,255,139.772,43.599,40.753,32.251,0.898,1.070,0.935,0.939
500,1269.460,255,255,255,133.661,42.435,38.090,140.865,0.893,1.114,0.898,0.943
501,1096.776,255,255,255,125.020,39.148,35.672,102.690,0.882,1.097,0.911,0.935
502,1250.792,255,255,255,130.977,40.583,39.242,161.045,0.916,1.034,0.967,0.946
503,1036.103,255,255,255,121.440,36.878,35.772,169.762,0.883,1.031,0.970,0.932
504,735.073,255,255,255,101.473,33.255,28.144,42.322,0.897,1.182,0.846,0.935
505,1281.128,255,255,255,134.556,42.533,38.351,2.446,0.889,1.109,0.902,0.934
506,1246.124,255,255,255,134.185,41.318,38.400,156.874,0.870,1.076,0.929,0.934
507,1271.794,255,255,255,134.556,40.891,39.601,146.039,0.883,1.033,0.968,0.940
508,1036.103,255,255,255,119.804,37.873,34.832,122.032,0.907,1.087,0.920,0.942
509,1241.457,255,255,255,143.351,44.941,35.173,165.181,0.759,1.278,0.783,0.890
510,1365.136,255,255,255,134.927,42.912,40.505,107.711,0.942,1.059,0.944,0.956
511,1262.459,255,255,255,132.396,40.354,39.833,68.639,0.905,1.013,0.987,0.948
512,1213.454,255,255,255,129.711,40.748,37.916,109.970,0.906,1.075,0.931,0.943
513,1194.786,255,255,255,131.501,40.132,37.906,20.643,0.868,1.059,0.945,0.932
514,1320.798,255,255,255,136.346,42.302,39.755,148.083,0.893,1.064,0.940,0.944
515,1463.146,255,255,255,141.561,43.592,42.736,169.600,0.918,1.020,0.980,0.958
516,1376.804,255,255,255,138.353,44.758,39.166,169.930,0.904,1.143,0.875,0.945
517,9.334,255,255,255,8.641,3.447,3.447,0.000,1.000,1.000,1.000,1.000
518,1495.816,255,255,255,142.456,43.934,43.350,101.462,0.926,1.013,0.987,0.961
519,1173.784,255,255,255,128.446,40.614,36.798,143.154,0.894,1.104,0.906,0.938
520,1290.462,255,255,255,134.556,41.975,39.144,177.610,0.896,1.072,0.933,0.941
521,998.766,255,255,255,122.859,35.784,35.537,119.109,0.831,1.007,0.993,0.921
522,1096.776,255,255,255,125.391,38.837,35.957,158.022,0.877,1.080,0.926,0.935
523,1213.454,255,255,255,131.718,41.288,37.420,173.127,0.879,1.103,0.906,0.935
524,1071.107,255,255,255,120.699,37.656,36.217,51.153,0.924,1.040,0.962,0.948
525,1619.495,255,255,255,150.727,45.841,44.982,40.087,0.896,1.019,0.981,0.954
526,1148.115,255,255,255,128.075,40.191,36.372,118.825,0.880,1.105,0.905,0.939
527,1166.783,255,255,255,125.915,39.212,37.886,157.831,0.925,1.035,0.966,0.953
528,907.757,255,255,255,114.065,35.602,32.464,132.360,0.877,1.097,0.912,0.931
529,1243.791,255,255,255,129.711,41.725,37.955,7.776,0.929,1.099,0.910,0.952
530,1099.110,255,255,255,123.754,38.861,36.011,150.782,0.902,1.079,0.927,0.942
531,1024.436,255,255,255,119.280,36.689,35.552,176.223,0.905,1.032,0.969,0.938
532,1295.129,255,255,255,135.297,41.305,39.923,110.191,0.889,1.035,0.967,0.940
533,1087.442,255,255,255,123.230,39.067,35.441,14.439,0.900,1.102,0.907,0.947
534,1666.166,255,255,255,158.844,48.214,44.000,153.993,0.830,1.096,0.913,0.922
535,1416.475,255,255,255,139.772,43.345,41.608,78.141,0.911,1.042,0.960,0.951
536,235.690,255,255,255,56.693,18.689,16.057,67.753,0.921,1.164,0.859,0.886
537,968.430,255,255,255,117.644,37.593,32.800,103.011,0.879,1.146,0.872,0.935
538,1150.448,255,255,255,125.020,40.597,36.081,166.065,0.925,1.125,0.889,0.950
539,994.099,255,255,255,118.015,36.673,34.513,121.360,0.897,1.063,0.941,0.938
540,1206.454,255,255,255,129.865,39.612,38.779,157.680,0.899,1.021,0.979,0.943
541,1190.119,255,255,255,156.313,40.698,37.233,154.231,0.612,1.093,0.915,0.911
542,1092.109,255,255,255,121.223,39.687,35.037,10.102,0.934,1.133,0.883,0.962
543,1299.796,255,255,255,133.137,41.562,39.819,140.634,0.921,1.044,0.958,0.951
544,896.089,255,255,255,112.275,35.635,32.017,147.286,0.893,1.113,0.898,0.931
545,1082.775,255,255,255,124.496,41.151,33.502,143.989,0.878,1.228,0.814,0.931
546,1367.470,255,255,255,142.673,43.367,40.149,160.321,0.844,1.080,0.926,0.923
547,1094.443,255,255,255,143.568,39.404,35.364,153.110,0.667,1.114,0.897,0.919
548,1313.798,255,255,255,134.556,41.766,40.051,123.480,0.912,1.043,0.959,0.947
549,989.432,255,255,255,118.015,36.085,34.911,141.785,0.893,1.034,0.967,0.937
550,1166.783,255,255,255,130.082,41.015,36.221,6.472,0.866,1.132,0.883,0.927
551,1213.454,255,255,255,128.970,39.556,39.059,32.812,0.917,1.013,0.987,0.954
552,998.766,255,255,255,118.385,36.086,35.240,77.298,0.896,1.024,0.977,0.933
553,1306.797,255,255,255,136.192,43.889,37.911,171.591,0.885,1.158,0.864,0.939
554,1169.117,255,255,255,127.704,41.865,35.556,151.947,0.901,1.177,0.849,0.956
555,1148.115,255,255,255,126.285,40.083,36.470,168.585,0.905,1.099,0.910,0.947
556,1220.455,255,255,255,130.235,40.080,38.771,7.657,0.904,1.034,0.967,0.947
557,1341.801,255,255,255,137.611,41.421,41.245,42.357,0.890,1.004,0.996,0.945
558,1152.782,255,255,255,125.391,39.377,37.275,160.569,0.921,1.056,0.947,0.947
559,1115.445,255,255,255,124.125,39.327,36.113,159.069,0.910,1.089,0.918,0.940
560,1246.124,255,255,255,131.501,42.572,37.269,174.285,0.906,1.142,0.875,0.941
561,1306.797,255,255,255,137.087,44.022,37.796,154.603,0.874,1.165,0.859,0.933
562,1334.800,255,255,255,137.611,43.432,39.131,157.277,0.886,1.110,0.901,0.937
563,1386.138,255,255,255,143.198,43.771,40.321,169.546,0.849,1.086,0.921,0.935
564,1052.438,255,255,255,118.015,37.166,36.054,109.564,0.950,1.031,0.970,0.953
565,1295.129,255,255,255,133.291,42.289,38.994,129.116,0.916,1.085,0.922,0.952
566,1192.452,255,255,255,131.654,40.240,37.731,65.361,0.865,1.067,0.938,0.942
567,1451.478,255,255,255,146.777,44.850,41.205,169.702,0.847,1.088,0.919,0.936
568,779.411,255,255,255,104.682,33.420,29.694,146.680,0.894,1.125,0.889,0.933
569,1068.773,255,255,255,120.546,37.053,36.726,101.478,0.924,1.009,0.991,0.943
570,1045.438,255,255,255,122.335,38.509,34.566,63.838,0.878,1.114,0.898,0.933
571,1264.793,255,255,255,133.291,40.676,39.591,33.362,0.895,1.027,0.973,0.947
572,1292.796,255,255,255,136.346,41.218,39.935,149.462,0.874,1.032,0.969,0.931
573,1292.796,255,255,255,132.025,41.453,39.708,10.296,0.932,1.044,0.958,0.958
574,1162.116,255,255,255,126.285,40.011,36.981,6.372,0.916,1.082,0.924,0.941
575,1285.795,255,255,255,133.661,40.979,39.950,24.670,0.904,1.026,0.975,0.944
576,1190.119,255,255,255,129.341,40.329,37.573,164.802,0.894,1.073,0.932,0.947
577,1178.451,255,255,255,128.446,39.925,37.582,128.621,0.898,1.062,0.941,0.941
578,1180.785,255,255,255,127.180,39.115,38.436,172.814,0.917,1.018,0.983,0.949
579,1057.106,255,255,255,125.020,39.266,34.278,28.997,0.850,1.146,0.873,0.943
580,1138.780,255,255,255,123.754,40.595,35.717,146.705,0.934,1.137,0.880,0.957
581,1073.440,255,255,255,121.070,38.858,35.173,71.981,0.920,1.105,0.905,0.951
582,1351.135,255,255,255,137.087,43.474,39.572,124.364,0.903,1.099,0.910,0.948
583,1397.806,255,255,255,139.772,43.853,40.584,154.038,0.899,1.081,0.925,0.946
584,1129.446,255,255,255,125.020,38.846,37.019,150.400,0.908,1.049,0.953,0.944
585,940.427,255,255,255,134.185,37.048,32.320,126.391,0.656,1.146,0.872,0.924
586,1460.812,255,255,255,142.980,44.129,42.149,39.192,0.898,1.047,0.955,0.955
587,1239.124,255,255,255,133.137,41.319,38.184,173.647,0.878,1.082,0.924,0.931
588,1285.795,255,255,255,132.920,41.803,39.163,53.198,0.915,1.067,0.937,0.954
589,1486.482,255,255,255,143.198,45.397,41.691,169.541,0.911,1.089,0.918,0.951
590,1194.786,255,255,255,130.760,40.503,37.559,148.483,0.878,1.078,0.927,0.943
591,1288.129,255,255,255,135.451,42.463,38.624,172.603,0.882,1.099,0.910,0.943
592,1075.774,255,255,255,125.391,38.293,35.770,155.329,0.860,1.071,0.934,0.925
593,1052.438,255,255,255,121.811,37.526,35.709,158.189,0.891,1.051,0.952,0.934
594,996.433,255,255,255,118.015,36.659,34.608,161.089,0.899,1.059,0.944,0.936
595,1047.771,255,255,255,121.070,37.229,35.834,36.189,0.898,1.039,0.963,0.938
596,1463.146,255,255,255,144.092,45.376,41.055,139.400,0.886,1.105,0.905,0.943
597,947.428,255,255,255,114.589,36.174,33.348,133.328,0.907,1.085,0.922,0.943
598,21.002,255,255,255,17.283,6.096,4.387,145.427,0.884,1.390,0.720,0.750
599,1411.808,255,255,255,137.611,44.770,40.152,158.294,0.937,1.115,0.897,0.960
600,1050.105,255,255,255,120.175,37.080,36.058,114.753,0.914,1.028,0.972,0.939
601,1068.773,255,255,255,133.291,38.973,34.917,153.659,0.756,1.116,0.896,0.897
602,1129.446,255,255,255,133.508,39.426,36.474,115.517,0.796,1.081,0.925,0.905
603,1397.806,255,255,255,139.772,43.677,40.748,6.429,0.899,1.072,0.933,0.942
604,1206.454,255,255,255,131.872,39.979,38.422,87.395,0.872,1.041,0.961,0.933
605,1411.808,255,255,255,140.142,43.772,41.066,137.075,0.903,1.066,0.938,0.951
606,987.099,255,255,255,121.440,37.701,33.337,152.126,0.841,1.131,0.884,0.913
607,1257.792,255,255,255,140.142,42.681,37.522,146.394,0.805,1.138,0.879,0.916
608,1318.465,255,255,255,136.346,42.216,39.765,5.225,0.891,1.062,0.942,0.956
609,1274.127,255,255,255,135.297,42.066,38.565,136.764,0.875,1.091,0.917,0.936
610,1369.803,255,255,255,138.877,43.352,40.231,135.721,0.893,1.078,0.928,0.950
611,1178.451,255,255,255,130.606,38.865,38.607,43.865,0.868,1.007,0.993,0.924
612,1288.129,255,255,255,135.822,42.403,38.678,103.508,0.877,1.096,0.912,0.939
613,1376.804,255,255,255,138.353,43.267,40.516,162.273,0.904,1.068,0.936,0.946
614,1402.473,255,255,255,140.142,43.807,40.763,158.320,0.897,1.075,0.931,0.943
615,1103.777,255,255,255,125.020,39.877,35.243,74.465,0.887,1.131,0.884,0.938
616,1024.436,255,255,255,120.546,39.276,33.210,143.476,0.886,1.183,0.846,0.938
617,1346.468,255,255,255,143.568,42.816,40.041,152.919,0.821,1.069,0.935,0.919
618,1131.780,255,255,255,126.810,39.412,36.563,3.097,0.884,1.078,0.928,0.940
619,1106.110,255,255,255,124.125,38.991,36.120,167.658,0.902,1.080,0.926,0.944
620,1306.797,255,255,255,136.192,41.341,40.247,8.768,0.885,1.027,0.974,0.940
621,1444.478,255,255,255,144.092,44.840,41.016,95.453,0.874,1.093,0.915,0.941
622,1302.130,255,255,255,135.822,42.629,38.892,141.230,0.887,1.096,0.912,0.943
623,1232.123,255,255,255,132.766,40.600,38.640,130.552,0.878,1.051,0.952,0.935
624,725.739,255,255,255,100.578,30.820,29.982,55.509,0.902,1.028,0.973,0.927
625,1325.466,255,255,255,134.185,42.600,39.616,149.826,0.925,1.075,0.930,0.956
626,1437.477,255,255,255,142.673,44.916,40.748,139.744,0.887,1.102,0.907,0.944
627,1122.445,255,255,255,127.551,39.602,36.087,59.236,0.867,1.097,0.911,0.927
628,1183.118,255,255,255,127.180,40.355,37.328,168.350,0.919,1.081,0.925,0.951
629,1365.136,255,255,255,139.772,44.626,38.949,142.947,0.878,1.146,0.873,0.948
630,1260.126,255,255,255,134.185,40.612,39.507,58.003,0.879,1.028,0.973,0.939
631,1194.786,255,255,255,129.711,39.652,38.365,80.614,0.892,1.034,0.968,0.935
632,1262.459,255,255,255,131.501,41.548,38.688,141.204,0.917,1.074,0.931,0.947
633,1260.126,255,255,255,134.032,41.890,38.301,163.473,0.881,1.094,0.914,0.935
634,77.008,255,255,255,32.930,12.646,7.753,171.144,0.892,1.631,0.613,0.880
635,1281.128,255,255,255,132.242,41.811,39.013,137.894,0.921,1.072,0.933,0.954
636,1267.126,255,255,255,133.137,41.974,38.437,14.281,0.898,1.092,0.916,0.944
637,1288.129,255,255,255,133.815,42.251,38.818,4.120,0.904,1.088,0.919,0.951
638,1281.128,255,255,255,145.729,42.428,38.446,150.020,0.758,1.104,0.906,0.891
639,1192.452,255,255,255,129.341,40.669,37.332,92.665,0.896,1.089,0.918,0.945
640,1159.782,255,255,255,128.075,40.056,36.865,113.662,0.888,1.087,0.920,0.937
641,1241.457,255,255,255,136.346,40.498,39.031,35.758,0.839,1.038,0.964,0.930
642,1145.781,255,255,255,127.027,39.014,37.393,142.464,0.892,1.043,0.958,0.937
643,1169.117,255,255,255,125.915,40.857,36.433,162.373,0.927,1.121,0.892,0.959
644,982.431,255,255,255,116.225,36.475,34.294,4.929,0.914,1.064,0.940,0.937
645,1138.780,255,255,255,129.341,38.784,37.385,147.000,0.855,1.037,0.964,0.933
646,1295.129,255,255,255,134.556,41.730,39.516,154.985,0.899,1.056,0.947,0.946
647,1169.117,255,255,255,127.180,40.339,36.902,168.017,0.908,1.093,0.915,0.944
648,1059.439,255,255,255,123.754,39.261,34.358,118.001,0.869,1.143,0.875,0.931
649,1435.143,255,255,255,141.932,44.550,41.016,162.905,0.895,1.086,0.921,0.942
650,1243.791,255,255,255,130.606,41.448,38.208,147.731,0.916,1.085,0.922,0.946
651,1022.102,255,255,255,122.489,37.560,34.648,127.797,0.856,1.084,0.922,0.934
652,1234.457,255,255,255,130.235,41.593,37.789,126.395,0.915,1.101,0.909,0.948
653,1124.779,255,255,255,125.915,38.493,37.204,148.157,0.892,1.035,0.967,0.940
654,1222.789,255,255,255,133.137,42.162,36.927,24.885,0.867,1.142,0.876,0.932
655,1241.457,255,255,255,133.291,40.938,38.611,21.186,0.878,1.060,0.943,0.937
656,1178.451,255,255,255,127.180,39.283,38.195,32.991,0.916,1.028,0.972,0.947
657,1066.440,255,255,255,119.804,39.338,34.517,133.326,0.934,1.140,0.877,0.953
658,116.678,255,255,255,39.040,13.454,11.042,13.206,0.962,1.218,0.821,0.909
659,1199.453,255,255,255,133.137,42.566,35.878,148.826,0.850,1.186,0.843,0.925
660,1288.129,255,255,255,134.032,41.521,39.500,24.452,0.901,1.051,0.951,0.941
661,1369.803,255,255,255,147.148,48.049,36.298,136.482,0.795,1.324,0.755,0.911
662,1285.795,255,255,255,133.291,41.486,39.462,4.429,0.909,1.051,0.951,0.947
663,952.095,255,255,255,115.854,38.107,31.812,5.166,0.891,1.198,0.835,0.937
664,1122.445,255,255,255,125.391,39.803,35.906,165.848,0.897,1.109,0.902,0.938
665,1295.129,255,255,255,130.606,42.495,38.805,131.388,0.954,1.095,0.913,0.959
666,1071.107,255,255,255,122.335,38.785,35.163,39.319,0.899,1.103,0.907,0.935
667,1262.459,255,255,255,132.920,41.193,39.021,157.183,0.898,1.056,0.947,0.951
668,1073.440,255,255,255,121.965,38.345,35.643,78.117,0.907,1.076,0.930,0.942
669,1134.113,255,255,255,129.341,40.293,35.838,121.268,0.852,1.124,0.889,0.925
670,996.433,255,255,255,115.854,37.121,34.178,151.582,0.933,1.086,0.921,0.943
671,1201.787,255,255,255,130.606,40.107,38.152,95.829,0.885,1.051,0.951,0.936
672,1318.465,255,255,255,134.185,41.339,40.609,5.751,0.920,1.018,0.982,0.958
673,1255.459,255,255,255,132.242,41.412,38.600,142.328,0.902,1.073,0.932,0.937
674,1218.122,255,255,255,132.025,40.797,38.016,48.310,0.878,1.073,0.932,0.943
675,1311.464,255,255,255,137.241,42.256,39.516,110.694,0.875,1.069,0.935,0.938
676,1285.795,255,255,255,134.927,41.944,39.031,156.694,0.888,1.075,0.931,0.936
677,945.094,255,255,255,114.959,35.363,34.028,34.714,0.899,1.039,0.962,0.930
678,1085.108,255,255,255,124.649,38.849,35.563,50.974,0.878,1.092,0.915,0.941
679,1127.112,255,255,255,126.285,39.519,36.314,159.405,0.888,1.088,0.919,0.940
680,1523.819,255,255,255,144.617,46.034,42.146,166.828,0.916,1.092,0.916,0.956
681,1192.452,255,255,255,127.922,39.566,38.373,157.548,0.916,1.031,0.970,0.945
682,1304.464,255,255,255,134.556,41.304,40.211,33.565,0.905,1.027,0.974,0.944
683,1197.119,255,255,255,127.551,39.307,38.778,108.259,0.925,1.014,0.987,0.951
684,1260.126,255,255,255,131.501,41.516,38.647,151.785,0.916,1.074,0.931,0.947
685,1115.445,255,255,255,124.496,39.081,36.341,152.489,0.904,1.075,0.930,0.935
686,1024.436,255,255,255,124.125,39.798,32.774,161.200,0.836,1.214,0.823,0.909
687,1201.787,255,255,255,130.606,39.286,38.949,74.019,0.885,1.009,0.991,0.941
688,1162.116,255,255,255,125.915,40.494,36.540,135.328,0.921,1.108,0.902,0.953
689,868.087,255,255,255,111.904,34.331,32.195,57.726,0.871,1.066,0.938,0.917
690,1148.115,255,255,255,134.927,39.365,37.135,120.054,0.792,1.060,0.943,0.931
691,1472.480,255,255,255,142.827,45.279,41.406,131.119,0.907,1.094,0.914,0.952
692,1031.436,255,255,255,120.175,37.711,34.824,158.604,0.897,1.083,0.923,0.932
693,1113.111,255,255,255,127.180,39.275,36.085,128.407,0.865,1.088,0.919,0.921
694,1374.471,255,255,255,138.506,42.311,41.361,13.749,0.900,1.023,0.978,0.946
695,1257.792,255,255,255,132.396,42.006,38.125,179.899,0.902,1.102,0.908,0.945
696,1241.457,255,255,255,132.396,40.932,38.617,156.179,0.890,1.060,0.943,0.943
697,1318.465,255,255,255,135.080,42.181,39.798,120.042,0.908,1.060,0.944,0.956
698,1388.472,255,255,255,139.401,44.035,40.147,172.989,0.898,1.097,0.912,0.945
699,1227.456,255,255,255,132.025,40.877,38.233,120.068,0.885,1.069,0.935,0.943
700,1143.447,255,255,255,126.810,38.554,37.762,170.346,0.894,1.021,0.979,0.947
701,1211.121,255,255,255,130.235,42.032,36.687,143.266,0.897,1.146,0.873,0.950
702,1068.773,255,255,255,125.391,38.114,35.704,137.912,0.854,1.068,0.937,0.929
703,1143.447,255,255,255,126.656,39.378,36.972,42.073,0.896,1.065,0.939,0.936
704,1551.822,255,255,255,147.148,46.256,42.716,162.237,0.901,1.083,0.923,0.943
705,1281.128,255,255,255,134.032,40.970,39.814,63.558,0.896,1.029,0.972,0.933
706,1348.801,255,255,255,137.087,42.591,40.322,134.293,0.902,1.056,0.947,0.945
707,1024.436,255,255,255,120.175,36.710,35.531,51.724,0.891,1.033,0.968,0.936
708,1152.782,255,255,255,127.551,39.842,36.840,154.526,0.890,1.082,0.925,0.936
709,1281.128,255,255,255,134.927,41.373,39.426,145.166,0.884,1.049,0.953,0.932
710,1274.127,255,255,255,133.137,41.118,39.454,32.837,0.903,1.042,0.960,0.939
711,1423.475,255,255,255,141.408,44.450,40.775,169.587,0.895,1.090,0.917,0.940
712,1236.790,255,255,255,130.606,39.859,39.508,154.529,0.911,1.009,0.991,0.946
713,1078.108,255,255,255,120.175,38.760,35.415,118.480,0.938,1.094,0.914,0.949
714,1169.117,255,255,255,131.130,41.576,35.804,146.835,0.854,1.161,0.861,0.924
715,1152.782,255,255,255,126.132,38.486,38.137,47.187,0.911,1.009,0.991,0.937
716,1085.108,255,255,255,119.804,39.919,34.610,155.020,0.950,1.153,0.867,0.955
717,1362.803,255,255,255,136.346,43.074,40.284,154.363,0.921,1.069,0.935,0.953
718,1400.140,255,255,255,139.247,43.596,40.892,150.071,0.907,1.066,0.938,0.947
719,4.667,255,255,255,7.376,3.447,1.724,90.000,1.000,2.000,0.500,1.000
720,1229.789,255,255,255,129.865,41.218,37.988,100.589,0.916,1.085,0.922,0.952
721,1323.132,255,255,255,137.611,42.475,39.662,177.481,0.878,1.071,0.934,0.936
722,1246.124,255,255,255,132.396,41.718,38.032,143.558,0.893,1.097,0.912,0.943
723,1082.775,255,255,255,121.965,39.897,34.555,158.850,0.915,1.155,0.866,0.950
724,1348.801,255,255,255,136.716,42.759,40.163,152.180,0.907,1.065,0.939,0.943
725,1318.465,255,255,255,139.618,42.263,39.721,123.263,0.850,1.064,0.940,0.932
726,765.410,255,255,255,105.423,34.216,28.483,127.758,0.865,1.201,0.832,0.919
727,1110.778,255,255,255,126.285,38.559,36.679,91.793,0.875,1.051,0.951,0.934
728,1267.126,255,255,255,132.396,41.572,38.809,142.699,0.908,1.071,0.934,0.950
729,1365.136,255,255,255,143.568,44.460,39.095,51.172,0.832,1.137,0.879,0.921
730,1255.459,255,255,255,130.977,41.767,38.272,75.998,0.920,1.091,0.916,0.939
731,819.082,255,255,255,111.904,34.380,30.334,140.680,0.822,1.133,0.882,0.900
732,1162.116,255,255,255,132.025,40.602,36.443,42.454,0.838,1.114,0.898,0.932
733,18.669,255,255,255,13.857,5.404,4.399,45.000,1.000,1.229,0.814,0.941
734,1159.782,255,255,255,126.656,39.796,37.106,45.599,0.909,1.072,0.932,0.936
735,1110.778,255,255,255,125.020,38.919,36.339,65.193,0.893,1.071,0.934,0.941
736,1176.117,255,255,255,129.711,41.047,36.482,149.778,0.878,1.125,0.889,0.936
737,1094.443,255,255,255,123.601,38.037,36.635,52.750,0.900,1.038,0.963,0.939
738,1087.442,255,255,255,123.230,38.111,36.330,149.997,0.900,1.049,0.953,0.937
739,1148.115,255,255,255,126.656,39.251,37.243,57.566,0.899,1.054,0.949,0.940
740,1134.113,255,255,255,125.761,38.803,37.213,145.899,0.901,1.043,0.959,0.939
741,1150.448,255,255,255,127.922,39.284,37.287,20.278,0.883,1.054,0.949,0.935
742,1194.786,255,255,255,130.235,41.072,37.039,139.106,0.885,1.109,0.902,0.945
743,1225.122,255,255,255,131.501,39.930,39.065,148.463,0.890,1.022,0.978,0.939
744,1362.803,255,255,255,138.506,43.337,40.039,8.260,0.893,1.082,0.924,0.945
745,1094.443,255,255,255,121.965,38.615,36.087,13.509,0.925,1.070,0.935,0.948
746,1138.780,255,255,255,129.341,41.067,35.307,137.583,0.855,1.163,0.860,0.932
747,1292.796,255,255,255,136.346,41.464,39.698,150.277,0.874,1.044,0.957,0.930
748,1232.123,255,255,255,130.606,40.545,38.693,175.528,0.908,1.048,0.954,0.944
749,1190.119,255,255,255,127.180,40.650,37.277,163.624,0.925,1.090,0.917,0.950
750,982.431,255,255,255,123.230,36.065,34.684,133.832,0.813,1.040,0.962,0.905
751,1313.798,255,255,255,134.556,41.347,40.457,50.003,0.912,1.022,0.978,0.952
752,1213.454,255,255,255,132.766,40.965,37.716,139.399,0.865,1.086,0.921,0.929
753,9.334,255,255,255,8.641,3.447,3.447,0.000,1.000,1.000,1.000,1.000
754,812.081,255,255,255,110.639,33.283,31.066,21.431,0.834,1.071,0.933,0.911
755,1241.457,255,255,255,133.661,41.554,38.039,156.070,0.873,1.092,0.915,0.924
756,1239.124,255,255,255,130.760,41.019,38.463,177.085,0.911,1.066,0.938,0.958
757,1157.449,255,255,255,126.285,39.830,37.000,19.115,0.912,1.077,0.929,0.943
758,1579.824,255,255,255,148.413,46.033,43.697,160.798,0.901,1.053,0.949,0.948
759,1057.106,255,255,255,121.965,38.416,35.036,139.542,0.893,1.096,0.912,0.935
760,1061.773,255,255,255,121.965,39.655,34.091,108.910,0.897,1.163,0.860,0.944
761,1295.129,255,255,255,134.403,41.119,40.103,110.098,0.901,1.025,0.975,0.943
762,11.668,255,255,255,11.697,4.803,3.093,71.565,1.000,1.553,0.644,0.909
763,1101.443,255,255,255,122.859,39.339,35.649,171.295,0.917,1.104,0.906,0.950
764,1320.798,255,255,255,140.513,42.926,39.177,91.722,0.841,1.096,0.913,0.923
765,987.099,255,255,255,118.539,35.643,35.261,12.565,0.883,1.011,0.989,0.942
766,772.410,255,255,255,102.368,32.834,29.952,17.439,0.926,1.096,0.912,0.944
767,1397.806,255,255,255,138.877,44.115,40.343,172.324,0.911,1.094,0.914,0.950
768,1061.773,255,255,255,123.230,38.893,34.759,168.790,0.879,1.119,0.894,0.936
769,1570.490,255,255,255,151.468,45.967,43.501,169.623,0.860,1.057,0.946,0.937
770,1201.787,255,255,255,130.606,39.624,38.617,169.654,0.885,1.026,0.975,0.937
771,1316.131,255,255,255,135.822,41.947,39.949,158.040,0.897,1.050,0.952,0.949
772,1379.138,255,255,255,168.751,42.877,40.954,165.403,0.609,1.047,0.955,0.909
773,14.001,255,255,255,11.697,5.171,3.447,0.000,1.000,1.500,0.667,1.000
774,1169.117,255,255,255,128.816,39.097,38.074,23.595,0.885,1.027,0.974,0.937
775,1026.769,255,255,255,119.434,36.871,35.457,126.697,0.905,1.040,0.962,0.945
776,1134.113,255,255,255,128.075,39.275,36.766,38.667,0.869,1.068,0.936,0.928
777,1080.441,255,255,255,137.982,38.401,35.824,14.980,0.713,1.072,0.933,0.906
778,1047.771,255,255,255,121.070,38.755,34.423,142.596,0.898,1.126,0.888,0.948
779,982.431,255,255,255,134.927,38.292,32.667,20.433,0.678,1.172,0.853,0.854
780,1334.800,255,255,255,136.716,42.521,39.969,145.886,0.897,1.064,0.940,0.944
781,1234.457,255,255,255,132.396,40.195,39.104,97.813,0.885,1.028,0.973,0.932
782,1010.434,255,255,255,119.804,38.337,33.558,20.495,0.885,1.142,0.875,0.932
783,1346.468,255,255,255,137.982,42.820,40.037,151.901,0.889,1.069,0.935,0.942
784,1180.785,255,255,255,128.970,40.819,36.832,176.085,0.892,1.108,0.902,0.951
785,1120.112,255,255,255,126.285,40.346,35.349,6.540,0.883,1.141,0.876,0.938
786,1297.463,255,255,255,137.458,41.192,40.105,105.033,0.863,1.027,0.974,0.929
787,1311.464,255,255,255,133.661,40.965,40.762,10.309,0.922,1.005,0.995,0.952
788,1206.454,255,255,255,128.075,40.964,37.499,167.263,0.924,1.092,0.915,0.958
789,1297.463,255,255,255,150.203,42.101,39.238,81.621,0.723,1.073,0.932,0.875
790,1134.113,255,255,255,125.391,39.627,36.440,158.569,0.906,1.087,0.920,0.937
791,1106.110,255,255,255,123.230,39.087,36.031,16.789,0.915,1.085,0.922,0.943
792,1327.799,255,255,255,136.716,43.085,39.239,168.624,0.893,1.098,0.911,0.950
793,1145.781,255,255,255,127.180,39.694,36.752,152.376,0.890,1.080,0.926,0.934
794,1103.777,255,255,255,126.068,38.206,36.784,141.528,0.873,1.039,0.963,0.946
795,1120.112,255,255,255,125.391,39.476,36.127,172.638,0.895,1.093,0.915,0.942
796,1229.789,255,255,255,130.606,40.469,38.692,11.518,0.906,1.046,0.956,0.951
797,1201.787,255,255,255,130.606,39.854,38.394,26.512,0.885,1.038,0.963,0.941
798,882.088,255,255,255,110.639,34.254,32.788,0.137,0.906,1.045,0.957,0.930
799,1087.442,255,255,255,123.754,37.819,36.610,24.176,0.892,1.033,0.968,0.934
800,1204.120,255,255,255,131.347,39.816,38.506,0.907,0.877,1.034,0.967,0.928
801,1227.456,255,255,255,132.920,42.242,36.998,120.274,0.873,1.142,0.876,0.933
802,1131.780,255,255,255,128.075,38.536,37.394,32.323,0.867,1.031,0.970,0.934
803,1171.450,255,255,255,128.816,41.102,36.289,46.123,0.887,1.133,0.883,0.934
804,1171.450,255,255,255,127.704,40.999,36.380,120.917,0.903,1.127,0.887,0.952
805,1248.458,255,255,255,132.766,41.280,38.508,132.347,0.890,1.072,0.933,0.938
806,1190.119,255,255,255,131.130,40.020,37.864,151.424,0.870,1.057,0.946,0.940
807,1325.466,255,255,255,141.561,42.598,39.618,141.988,0.831,1.075,0.930,0.915
808,1325.466,255,255,255,134.927,41.617,40.551,4.802,0.915,1.026,0.974,0.944
809,1318.465,255,255,255,148.413,42.775,39.246,93.410,0.752,1.090,0.917,0.888
810,1164.450,255,255,255,126.656,38.842,38.171,162.364,0.912,1.018,0.983,0.942
811,1106.110,255,255,255,125.237,37.925,37.135,50.501,0.886,1.021,0.979,0.926
812,1306.797,255,255,255,135.822,42.649,39.013,134.382,0.890,1.093,0.915,0.936
813,1278.794,255,255,255,136.716,45.935,35.446,156.621,0.860,1.296,0.772,0.932
814,1169.117,255,255,255,127.922,39.624,37.567,121.463,0.898,1.055,0.948,0.936
815,1152.782,255,255,255,127.180,40.068,36.632,172.044,0.896,1.094,0.914,0.948
816,1033.770,255,255,255,120.328,36.611,35.952,81.685,0.897,1.018,0.982,0.942
817,1311.464,255,255,255,135.822,41.723,40.021,10.146,0.893,1.043,0.959,0.945
818,655.732,255,255,255,105.947,34.944,23.892,126.458,0.734,1.463,0.684,0.849
819,1071.107,255,255,255,128.446,38.522,35.402,66.409,0.816,1.088,0.919,0.921
820,1327.799,255,255,255,135.297,42.611,39.675,151.145,0.912,1.074,0.931,0.946
821,1339.467,255,255,255,137.982,43.097,39.573,155.267,0.884,1.089,0.918,0.939
822,1122.445,255,255,255,125.391,37.902,37.707,96.690,0.897,1.005,0.995,0.939
823,1299.796,255,255,255,137.241,41.766,39.625,5.452,0.867,1.054,0.949,0.935
824,1264.793,255,255,255,134.032,42.608,37.795,168.677,0.885,1.127,0.887,0.930
825,1197.119,255,255,255,127.180,39.599,38.491,164.079,0.930,1.029,0.972,0.950
826,1257.792,255,255,255,133.291,40.595,39.450,156.364,0.890,1.029,0.972,0.942
827,1190.119,255,255,255,155.048,47.807,31.696,81.653,0.622,1.508,0.663,0.854
828,1061.773,255,255,255,121.594,39.026,34.641,170.607,0.902,1.127,0.888,0.943
829,1337.133,255,255,255,137.241,43.851,38.824,143.601,0.892,1.129,0.885,0.950
830,1250.792,255,255,255,131.501,41.743,38.152,3.859,0.909,1.094,0.914,0.944
831,1246.124,255,255,255,133.137,43.243,36.691,142.092,0.883,1.179,0.848,0.930
832,1332.466,255,255,255,136.716,42.143,40.257,161.088,0.896,1.047,0.955,0.935
833,1108.444,255,255,255,124.125,38.284,36.864,31.153,0.904,1.039,0.963,0.947
834,1096.776,255,255,255,123.601,37.873,36.872,44.582,0.902,1.027,0.974,0.933
835,1267.126,255,255,255,135.451,41.534,38.845,129.961,0.868,1.069,0.935,0.932
836,1208.787,255,255,255,128.816,39.568,38.897,102.959,0.915,1.017,0.983,0.944
837,1204.120,255,255,255,129.341,40.756,37.617,159.983,0.905,1.083,0.923,0.943
838,1178.451,255,255,255,128.816,39.328,38.152,27.074,0.892,1.031,0.970,0.937
839,1068.773,255,255,255,121.070,39.269,34.654,129.948,0.916,1.133,0.882,0.947
840,1425.809,255,255,255,141.932,44.215,41.058,163.731,0.889,1.077,0.929,0.941
841,933.426,255,255,255,114.589,35.830,33.170,152.098,0.893,1.080,0.926,0.937
842,1379.138,255,255,255,136.716,43.198,40.649,104.175,0.927,1.063,0.941,0.956
843,1199.453,255,255,255,130.235,41.553,36.753,173.781,0.889,1.131,0.884,0.945
844,1033.770,255,255,255,119.804,37.395,35.198,177.944,0.905,1.062,0.941,0.943
845,1323.132,255,255,255,137.087,42.085,40.030,30.404,0.885,1.051,0.951,0.935
846,966.096,255,255,255,122.335,36.849,33.382,179.301,0.811,1.104,0.906,0.911
847,1236.790,255,255,255,131.501,39.891,39.476,116.665,0.899,1.011,0.990,0.949
848,1080.441,255,255,255,125.020,38.787,35.467,11.604,0.869,1.094,0.914,0.932
849,1078.108,255,255,255,121.965,37.926,36.193,155.804,0.911,1.048,0.954,0.947
850,907.757,255,255,255,113.694,34.408,33.591,39.985,0.882,1.024,0.976,0.927
851,1325.466,255,255,255,137.611,42.739,39.487,160.791,0.880,1.082,0.924,0.938
852,1110.778,255,255,255,124.125,39.245,36.037,12.892,0.906,1.089,0.918,0.943
853,191.352,255,255,255,55.057,19.836,12.283,126.898,0.793,1.615,0.619,0.850
854,1323.132,255,255,255,140.667,41.743,40.358,89.508,0.840,1.034,0.967,0.922
855,81.675,255,255,255,32.188,10.526,9.879,135.000,0.991,1.065,0.939,0.986
856,1148.115,255,255,255,129.341,41.435,35.280,146.843,0.862,1.174,0.851,0.921
857,1099.110,255,255,255,122.335,38.359,36.483,109.782,0.923,1.051,0.951,0.952
858,1486.482,255,255,255,145.358,47.910,39.504,146.159,0.884,1.213,0.825,0.943
859,1516.818,255,255,255,143.722,45.699,42.260,130.993,0.923,1.081,0.925,0.954
860,1150.448,255,255,255,126.810,38.625,37.924,97.829,0.899,1.018,0.982,0.946
861,1479.481,255,255,255,143.198,44.265,42.556,166.852,0.907,1.040,0.961,0.947
862,1236.790,255,255,255,129.865,40.679,38.711,81.235,0.922,1.051,0.952,0.950
863,373.371,255,255,255,76.444,26.021,18.270,115.165,0.803,1.424,0.702,0.920
864,1211.121,255,255,255,130.235,40.389,38.180,133.686,0.897,1.058,0.945,0.939
865,1348.801,255,255,255,137.982,42.769,40.154,146.226,0.890,1.065,0.939,0.941
866,1071.107,255,255,255,121.594,38.029,35.862,7.301,0.910,1.060,0.943,0.950
867,1225.122,255,255,255,135.080,39.587,39.403,84.141,0.844,1.005,0.995,0.935
868,928.759,255,255,255,111.904,35.644,33.176,174.789,0.932,1.074,0.931,0.939
869,1199.453,255,255,255,129.711,39.901,38.274,140.248,0.896,1.043,0.959,0.940
870,1085.108,255,255,255,125.391,37.880,36.473,158.989,0.867,1.039,0.963,0.931
871,14.001,255,255,255,11.697,5.171,3.447,0.000,1.000,1.500,0.667,1.000
872,1211.121,255,255,255,129.341,39.344,39.194,76.869,0.910,1.004,0.996,0.944
873,1243.791,255,255,255,132.766,41.350,38.299,53.733,0.887,1.080,0.926,0.948
874,1057.106,255,255,255,121.965,37.522,35.871,78.110,0.893,1.046,0.956,0.941
875,1376.804,255,255,255,137.611,44.420,39.464,132.287,0.914,1.126,0.888,0.952
876,1334.800,255,255,255,136.716,43.439,39.124,164.690,0.897,1.110,0.901,0.947
877,1241.457,255,255,255,136.192,41.320,38.254,158.640,0.841,1.080,0.926,0.913
878,1092.109,255,255,255,124.496,39.656,35.064,118.206,0.885,1.131,0.884,0.932
879,1400.140,255,255,255,141.037,44.309,40.233,145.842,0.885,1.101,0.908,0.938
880,1117.778,255,255,255,124.496,38.572,36.897,23.389,0.906,1.045,0.957,0.941
881,1173.784,255,255,255,130.082,39.164,38.160,21.734,0.872,1.026,0.974,0.931
882,1054.772,255,255,255,123.230,38.144,35.208,136.079,0.873,1.083,0.923,0.932
883,1348.801,255,255,255,137.241,42.736,40.185,166.992,0.900,1.063,0.940,0.957
884,1136.447,255,255,255,124.496,38.524,37.560,121.407,0.921,1.026,0.975,0.942
885,1080.441,255,255,255,122.859,40.017,34.377,162.491,0.899,1.164,0.859,0.944
886,996.433,255,255,255,118.909,37.852,33.518,150.914,0.886,1.129,0.885,0.931
887,1365.136,255,255,255,138.877,42.951,40.468,124.898,0.889,1.061,0.942,0.944
888,1241.457,255,255,255,131.130,41.167,38.397,161.927,0.907,1.072,0.933,0.948
889,1026.769,255,255,255,121.440,37.867,34.524,153.012,0.875,1.097,0.912,0.927
890,1115.445,255,255,255,123.754,38.733,36.667,6.785,0.915,1.056,0.947,0.948
891,1143.447,255,255,255,127.180,38.548,37.769,139.498,0.888,1.021,0.980,0.938
892,1493.482,255,255,255,141.932,44.245,42.978,26.367,0.932,1.029,0.971,0.957
893,1269.460,255,255,255,131.130,42.722,37.834,177.329,0.928,1.129,0.886,0.959
894,1255.459,255,255,255,132.920,40.961,39.025,49.201,0.893,1.050,0.953,0.946
895,1080.441,255,255,255,122.859,38.096,36.111,148.309,0.899,1.055,0.948,0.937
896,1150.448,255,255,255,141.037,40.039,36.584,99.863,0.727,1.094,0.914,0.876
897,1432.810,255,255,255,141.037,44.774,40.745,123.160,0.905,1.099,0.910,0.953
898,1232.123,255,255,255,137.087,41.417,37.877,4.995,0.824,1.093,0.915,0.917
899,1248.458,255,255,255,130.606,40.463,39.285,5.822,0.920,1.030,0.971,0.948
900,1152.782,255,255,255,130.977,39.698,36.973,119.569,0.844,1.074,0.931,0.922
901,1176.117,255,255,255,126.810,39.524,37.888,110.594,0.919,1.043,0.959,0.952
902,1290.462,255,255,255,133.291,41.449,39.641,166.596,0.913,1.046,0.956,0.952
903,1082.775,255,255,255,126.810,38.902,35.439,173.891,0.846,1.098,0.911,0.923
904,1138.780,255,255,255,126.656,38.953,37.223,31.274,0.892,1.046,0.956,0.937
905,1169.117,255,255,255,128.970,39.213,37.961,171.958,0.883,1.033,0.968,0.944
906,1110.778,255,255,255,123.971,39.798,35.537,162.912,0.908,1.120,0.893,0.938
907,1276.461,255,255,255,135.822,41.853,38.832,178.857,0.870,1.078,0.928,0.932
908,1411.808,255,255,255,141.037,42.657,42.140,11.209,0.892,1.012,0.988,0.943
909,1096.776,255,255,255,124.496,37.678,37.063,125.741,0.889,1.017,0.984,0.937
910,1208.787,255,255,255,129.341,40.887,37.642,149.503,0.908,1.086,0.921,0.950
911,1164.450,255,255,255,129.865,39.963,37.100,106.764,0.868,1.077,0.928,0.926
912,263.693,255,255,255,68.914,21.422,15.673,140.480,0.698,1.367,0.732,0.834
913,221.689,255,255,255,55.581,21.790,12.954,6.076,0.902,1.682,0.594,0.941
914,1150.448,255,255,255,130.235,39.122,37.441,30.360,0.852,1.045,0.957,0.928
915,1078.108,255,255,255,123.601,38.403,35.744,167.161,0.887,1.074,0.931,0.926
916,1358.136,255,255,255,144.463,45.444,38.052,179.441,0.818,1.194,0.837,0.914
917,1246.124,255,255,255,131.501,42.688,37.168,147.065,0.906,1.149,0.871,0.940
918,1229.789,255,255,255,131.872,41.479,37.749,28.346,0.889,1.099,0.910,0.932
919,1080.441,255,255,255,121.440,37.764,36.428,150.514,0.921,1.037,0.965,0.943
920,1229.789,255,255,255,135.822,41.499,37.731,136.947,0.838,1.100,0.909,0.928
921,1057.106,255,255,255,123.077,37.659,35.740,175.938,0.877,1.054,0.949,0.923
922,1127.112,255,255,255,125.391,39.842,36.019,164.678,0.901,1.106,0.904,0.937
923,1346.468,255,255,255,139.401,43.023,39.848,135.146,0.871,1.080,0.926,0.931
924,1005.767,255,255,255,117.120,37.369,34.269,155.668,0.921,1.090,0.917,0.944
925,1115.445,255,255,255,140.513,43.823,32.408,20.503,0.710,1.352,0.740,0.882
926,235.690,255,255,255,63.328,18.587,16.145,115.295,0.739,1.151,0.869,0.831
927,1211.121,255,255,255,129.711,40.370,38.197,71.706,0.905,1.057,0.946,0.942
928,1358.136,255,255,255,138.353,42.708,40.490,143.935,0.892,1.055,0.948,0.944
929,1407.140,255,255,255,140.513,44.188,40.545,149.834,0.896,1.090,0.918,0.944
930,1148.115,255,255,255,130.606,39.547,36.964,72.186,0.846,1.070,0.935,0.913
931,994.099,255,255,255,119.651,38.262,33.080,153.777,0.873,1.157,0.865,0.926
932,1171.450,255,255,255,128.075,38.886,38.357,35.825,0.897,1.014,0.986,0.946
933,1078.108,255,255,255,133.661,38.688,35.481,80.996,0.758,1.090,0.917,0.933
934,1211.121,255,255,255,129.341,40.355,38.212,133.106,0.910,1.056,0.947,0.943
935,1227.456,255,255,255,130.235,41.254,37.884,141.431,0.909,1.089,0.918,0.949
936,1208.787,255,255,255,130.235,41.842,36.783,156.823,0.896,1.138,0.879,0.933
937,1386.138,255,255,255,138.353,42.776,41.259,139.007,0.910,1.037,0.965,0.945
938,1234.457,255,255,255,132.025,41.315,38.044,37.153,0.890,1.086,0.921,0.946
939,1166.783,255,255,255,150.573,41.341,35.935,172.544,0.647,1.150,0.869,0.909
940,1138.780,255,255,255,127.180,40.826,35.515,145.622,0.885,1.150,0.870,0.931
941,1236.790,255,255,255,132.920,41.349,38.084,155.170,0.880,1.086,0.921,0.942
942,1078.108,255,255,255,123.230,39.287,34.940,84.211,0.892,1.124,0.889,0.934
943,1390.805,255,255,255,148.784,51.737,34.227,160.428,0.790,1.512,0.662,0.925
944,1192.452,255,255,255,128.075,40.014,37.944,148.827,0.914,1.055,0.948,0.950
945,1094.443,255,255,255,123.601,37.766,36.898,75.266,0.900,1.024,0.977,0.933
946,1073.440,255,255,255,123.754,37.874,36.087,59.645,0.881,1.050,0.953,0.936
947,1290.462,255,255,255,138.353,43.508,37.765,117.807,0.847,1.152,0.868,0.920
948,1124.779,255,255,255,128.446,39.373,36.373,177.449,0.857,1.082,0.924,0.920
949,788.745,255,255,255,118.909,41.221,24.363,133.017,0.701,1.692,0.591,0.854
950,1318.465,255,255,255,137.765,43.060,38.985,142.079,0.873,1.105,0.905,0.937
951,1269.460,255,255,255,134.927,41.045,39.380,42.789,0.876,1.042,0.959,0.932
952,998.766,255,255,255,119.804,38.048,33.423,132.584,0.874,1.138,0.878,0.928
953,242.691,255,255,255,58.266,19.532,15.820,15.275,0.898,1.235,0.810,0.945
954,1285.795,255,255,255,137.982,43.974,37.230,94.667,0.849,1.181,0.847,0.924
955,996.433,255,255,255,124.125,36.889,34.393,108.747,0.813,1.073,0.932,0.909
956,1250.792,255,255,255,131.718,41.600,38.282,149.336,0.906,1.087,0.920,0.944
957,1283.461,255,255,255,146.253,43.452,37.608,159.121,0.754,1.155,0.866,0.881
958,1040.771,255,255,255,125.761,37.307,35.521,20.808,0.827,1.050,0.952,0.917
959,1017.435,255,255,255,117.120,37.311,34.720,150.369,0.932,1.075,0.931,0.945
960,1127.112,255,255,255,124.125,39.418,36.407,140.442,0.919,1.083,0.924,0.953
961,1204.120,255,255,255,130.606,40.254,38.086,163.609,0.887,1.057,0.946,0.943
962,1059.439,255,255,255,121.070,38.081,35.422,0.930,0.908,1.075,0.930,0.941
963,1274.127,255,255,255,143.198,42.436,38.228,159.716,0.781,1.110,0.901,0.922
964,1047.771,255,255,255,130.606,38.713,34.460,155.579,0.772,1.123,0.890,0.915
965,966.096,255,255,255,114.589,36.939,33.300,167.117,0.925,1.109,0.902,0.946
966,980.098,255,255,255,150.420,42.258,29.530,93.963,0.544,1.431,0.699,0.843
967,1241.457,255,255,255,138.353,41.098,38.461,40.002,0.815,1.069,0.936,0.914
968,1106.110,255,255,255,126.656,39.022,36.091,16.052,0.866,1.081,0.925,0.934
969,1117.778,255,255,255,130.977,38.546,36.922,127.634,0.819,1.044,0.958,0.906
970,1299.796,255,255,255,134.032,43.115,38.384,151.849,0.909,1.123,0.890,0.946
971,1087.442,255,255,255,126.285,39.366,35.172,0.470,0.857,1.119,0.893,0.923
972,464.380,255,255,255,94.251,30.497,19.387,115.897,0.657,1.573,0.636,0.777
973,1346.468,255,255,255,135.451,41.938,40.879,87.258,0.922,1.026,0.975,0.951
974,1430.476,255,255,255,152.363,49.040,37.140,10.391,0.774,1.320,0.757,0.907
975,1232.123,255,255,255,130.235,40.426,38.807,165.888,0.913,1.042,0.960,0.947
976,266.027,255,255,255,66.754,22.487,15.063,102.834,0.750,1.493,0.670,0.835
977,1374.471,255,255,255,137.982,43.273,40.442,21.237,0.907,1.070,0.935,0.947
978,1094.443,255,255,255,125.020,37.934,36.734,38.348,0.880,1.033,0.968,0.936
979,1211.121,255,255,255,130.977,40.503,38.073,40.280,0.887,1.064,0.940,0.944
980,1299.796,255,255,255,136.716,42.672,38.783,133.839,0.874,1.100,0.909,0.939
981,1194.786,255,255,255,128.816,40.851,37.239,158.318,0.905,1.097,0.912,0.938
982,1507.484,255,255,255,148.784,45.995,41.730,176.340,0.856,1.102,0.907,0.932
983,415.375,255,255,255,78.975,23.351,22.649,85.118,0.837,1.031,0.970,0.873
984,1145.781,255,255,255,127.180,39.623,36.818,164.743,0.890,1.076,0.929,0.941
985,154.015,255,255,255,50.366,15.932,12.309,68.464,0.763,1.294,0.773,0.825
986,1152.782,255,255,255,134.185,42.185,34.794,30.619,0.805,1.212,0.825,0.900
987,1199.453,255,255,255,129.341,39.224,38.935,122.101,0.901,1.007,0.993,0.944
988,506.384,255,255,255,94.775,33.885,19.028,75.323,0.708,1.781,0.562,0.868
989,1227.456,255,255,255,146.623,45.509,34.342,125.774,0.717,1.325,0.755,0.928
990,970.764,255,255,255,123.601,36.492,33.871,136.836,0.799,1.077,0.928,0.904
991,1136.447,255,255,255,139.772,48.826,29.635,74.328,0.731,1.648,0.607,0.881
992,1178.451,255,255,255,126.656,39.068,38.406,113.752,0.923,1.017,0.983,0.946
993,1225.122,255,255,255,134.927,40.923,38.117,136.765,0.846,1.074,0.931,0.923
994,1302.130,255,255,255,133.661,43.200,38.378,149.624,0.916,1.126,0.888,0.951
995,1276.461,255,255,255,133.137,42.078,38.625,150.329,0.905,1.089,0.918,0.940
996,1171.450,255,255,255,126.285,39.450,37.808,166.133,0.923,1.043,0.958,0.950
997,1299.796,255,255,255,137.087,42.316,39.109,80.909,0.869,1.082,0.924,0.931
998,1113.111,255,255,255,127.180,38.338,36.967,87.561,0.865,1.037,0.964,0.926
999,450.378,255,255,255,85.085,30.822,18.605,90.096,0.782,1.657,0.604,0.904
1000,1012.768,255,255,255,118.909,37.312,34.560,100.375,0.900,1.080,0.926,0.945
1001,1215.788,255,255,255,133.291,41.421,37.372,178.154,0.860,1.108,0.902,0.934
1002,165.683,255,255,255,48.576,17.371,12.144,177.689,0.882,1.430,0.699,0.882
1003,1381.471,255,255,255,141.561,42.539,41.349,145.104,0.866,1.029,0.972,0.932
1004,1124.779,255,255,255,132.396,39.759,36.020,67.858,0.806,1.104,0.906,0.911
1005,1498.150,255,255,255,146.253,44.509,42.857,91.896,0.880,1.039,0.963,0.941
1006,949.761,255,255,255,114.065,35.227,34.328,51.198,0.917,1.026,0.974,0.936
1007,961.429,255,255,255,119.804,35.715,34.275,19.383,0.842,1.042,0.960,0.913
1008,541.387,255,255,255,93.727,32.216,21.397,129.405,0.774,1.506,0.664,0.896
1009,476.048,255,255,255,82.925,29.757,20.369,67.109,0.870,1.461,0.685,0.934
1010,1197.119,255,255,255,132.025,39.919,38.183,118.134,0.863,1.045,0.957,0.939
1011,912.424,255,255,255,130.823,36.471,31.854,55.421,0.670,1.145,0.873,0.895
1012,798.080,255,255,255,110.114,35.341,28.753,23.155,0.827,1.229,0.814,0.896
1013,1302.130,255,255,255,133.137,41.390,40.056,54.740,0.923,1.033,0.968,0.949
1014,980.098,255,255,255,118.539,37.158,33.583,24.255,0.877,1.106,0.904,0.935
1015,1269.460,255,255,255,131.872,40.921,39.499,29.433,0.917,1.036,0.965,0.940
1016,1253.125,255,255,255,131.872,41.920,38.062,168.800,0.906,1.101,0.908,0.947
1017,1117.778,255,255,255,125.544,38.646,36.826,11.354,0.891,1.049,0.953,0.946
1018,1143.447,255,255,255,127.027,39.935,36.456,8.242,0.891,1.095,0.913,0.940
1019,1099.110,255,255,255,122.489,39.376,35.540,96.684,0.921,1.108,0.903,0.953
1020,1197.119,255,255,255,128.075,40.559,37.581,144.343,0.917,1.079,0.927,0.946
1021,1164.450,255,255,255,130.082,40.459,36.645,130.604,0.865,1.104,0.906,0.925
1022,448.045,255,255,255,82.030,30.255,18.856,14.252,0.837,1.605,0.623,0.923
1023,1276.461,255,255,255,135.080,43.457,37.399,153.564,0.879,1.162,0.861,0.938
1024,1397.806,255,255,255,143.198,43.390,41.017,162.163,0.857,1.058,0.945,0.929
1025,1537.820,255,255,255,151.098,48.523,40.352,122.617,0.846,1.202,0.832,0.937
1026,1059.439,255,255,255,123.601,37.668,35.811,64.971,0.871,1.052,0.951,0.921
1027,1187.785,255,255,255,131.501,41.080,36.814,98.125,0.863,1.116,0.896,0.937
1028,861.086,255,255,255,123.601,46.069,23.799,121.424,0.708,1.936,0.517,0.887
1029,1346.468,255,255,255,136.716,41.968,40.850,154.849,0.905,1.027,0.973,0.944
1030,172.684,255,255,255,52.526,20.798,10.572,13.211,0.787,1.967,0.508,0.881
1031,919.425,255,255,255,112.058,34.681,33.755,148.918,0.920,1.027,0.973,0.948
1032,1061.773,255,255,255,121.440,37.874,35.695,141.228,0.905,1.061,0.942,0.935
1033,1138.780,255,255,255,145.358,46.400,31.249,32.700,0.677,1.485,0.673,0.861
1034,1285.795,255,255,255,134.556,41.791,39.174,10.826,0.892,1.067,0.937,0.939
1035,42.004,255,255,255,27.714,11.526,4.640,152.045,0.687,2.484,0.403,0.766
1036,1227.456,255,255,255,134.032,40.974,38.142,132.357,0.859,1.074,0.931,0.918
1037,1276.461,255,255,255,137.087,42.152,38.557,11.306,0.854,1.093,0.915,0.918
1038,1033.770,255,255,255,121.965,38.716,33.997,27.492,0.873,1.139,0.878,0.930
1039,1068.773,255,255,255,142.673,46.264,29.414,149.760,0.660,1.573,0.636,0.865
1040,935.760,255,255,255,114.959,35.892,33.195,36.777,0.890,1.081,0.925,0.936
1041,1292.796,255,255,255,133.291,43.026,38.257,170.870,0.914,1.125,0.889,0.946
1042,1001.100,255,255,255,125.761,38.927,32.744,176.244,0.795,1.189,0.841,0.916
1043,709.404,255,255,255,118.539,38.634,23.380,20.283,0.634,1.652,0.605,0.828
1044,921.759,255,255,255,112.953,35.767,32.813,136.929,0.908,1.090,0.917,0.945
1045,1463.146,255,255,255,143.198,44.481,41.881,132.179,0.897,1.062,0.942,0.948
1046,1295.129,255,255,255,133.661,41.875,39.379,54.349,0.911,1.063,0.940,0.949
1047,1152.782,255,255,255,129.494,38.738,37.890,79.559,0.864,1.022,0.978,0.943
1048,966.096,255,255,255,116.749,36.493,33.707,148.406,0.891,1.083,0.924,0.940
1049,1264.793,255,255,255,132.766,41.800,38.526,163.964,0.902,1.085,0.922,0.943
1050,1108.444,255,255,255,125.020,38.396,36.757,64.812,0.891,1.045,0.957,0.943
1051,1246.124,255,255,255,129.711,40.378,39.294,34.296,0.931,1.028,0.973,0.953
1052,1255.459,255,255,255,132.396,40.264,39.701,172.364,0.900,1.014,0.986,0.943
1053,1376.804,255,255,255,139.247,42.876,40.885,126.414,0.892,1.049,0.954,0.944
1054,891.422,255,255,255,113.694,36.663,30.958,154.185,0.867,1.184,0.844,0.919
1055,1108.444,255,255,255,126.285,40.049,35.240,15.297,0.873,1.136,0.880,0.934
1056,1488.815,255,255,255,146.253,44.388,42.706,10.383,0.875,1.039,0.962,0.933
1057,1101.443,255,255,255,123.230,37.860,37.041,110.660,0.911,1.022,0.978,0.939
1058,1113.111,255,255,255,123.230,38.684,36.637,11.310,0.921,1.056,0.947,0.945
1059,1283.461,255,255,255,135.822,41.435,39.439,31.608,0.874,1.051,0.952,0.929
1060,51.338,255,255,255,25.554,9.819,6.657,140.944,0.988,1.475,0.678,0.880
1061,200.687,255,255,255,53.421,19.398,13.173,44.146,0.884,1.473,0.679,0.915
1062,975.431,255,255,255,116.225,36.514,34.013,55.372,0.907,1.074,0.931,0.935
1063,1134.113,255,255,255,141.932,39.343,36.703,85.100,0.707,1.072,0.933,0.848
1064,277.694,255,255,255,76.290,23.250,15.208,117.970,0.600,1.529,0.654,0.746
1065,1374.471,255,255,255,138.877,42.567,41.112,19.887,0.896,1.035,0.966,0.947
1066,74.674,255,255,255,30.769,10.309,9.223,70.358,0.991,1.118,0.895,0.901
1067,1255.459,255,255,255,139.772,41.005,38.983,10.777,0.808,1.052,0.951,0.949
1068,109.678,255,255,255,39.411,15.337,9.105,152.802,0.887,1.684,0.594,0.870
1069,1120.112,255,255,255,124.496,38.750,36.805,3.415,0.908,1.053,0.950,0.934
1070,1040.771,255,255,255,140.142,39.639,33.430,104.689,0.666,1.186,0.843,0.857
1071,308.031,255,255,255,72.340,22.319,17.572,95.530,0.740,1.270,0.787,0.822
1072,1414.141,255,255,255,142.827,42.860,42.010,9.825,0.871,1.020,0.980,0.938
1073,1288.129,255,255,255,134.032,41.194,39.814,131.099,0.901,1.035,0.967,0.938
1074,77.008,255,255,255,32.930,12.170,8.057,152.992,0.892,1.510,0.662,0.857
1075,1159.782,255,255,255,127.551,41.027,35.993,121.989,0.896,1.140,0.877,0.928
1076,550.722,255,255,255,94.992,30.794,22.770,92.392,0.767,1.352,0.739,0.869
1077,1159.782,255,255,255,125.915,39.312,37.563,20.193,0.919,1.047,0.955,0.951
1078,1099.110,255,255,255,126.656,38.000,36.827,179.500,0.861,1.032,0.969,0.932
1079,1334.800,255,255,255,136.346,41.404,41.047,117.293,0.902,1.009,0.991,0.947
1080,207.687,255,255,255,57.742,23.332,11.334,83.981,0.783,2.059,0.486,0.894
1081,387.372,255,255,255,75.919,27.905,17.675,123.847,0.845,1.579,0.633,0.917
1082,994.099,255,255,255,115.854,35.852,35.304,2.218,0.931,1.016,0.985,0.951
1083,1059.439,255,255,255,121.440,37.960,35.535,176.314,0.903,1.068,0.936,0.934
1084,1295.129,255,255,255,136.346,43.556,37.860,155.768,0.875,1.150,0.869,0.936
1085,203.020,255,255,255,56.476,20.580,12.560,18.769,0.800,1.638,0.610,0.906
1086,228.689,255,255,255,65.488,18.451,15.781,97.971,0.670,1.169,0.855,0.831
1087,1262.459,255,255,255,133.137,40.654,39.539,135.139,0.895,1.028,0.973,0.945
1088,1099.110,255,255,255,123.384,39.287,35.621,39.462,0.907,1.103,0.907,0.949
1089,739.740,255,255,255,107.213,34.838,27.036,157.108,0.809,1.289,0.776,0.907
1090,221.689,255,255,255,56.847,21.526,13.112,104.014,0.862,1.642,0.609,0.913
1091,1463.146,255,255,255,141.561,44.888,41.502,156.873,0.918,1.082,0.925,0.952
1092,1073.440,255,255,255,124.496,38.609,35.400,113.408,0.870,1.091,0.917,0.926
1093,1418.808,255,255,255,146.253,44.745,40.372,53.728,0.834,1.108,0.902,0.929
1094,1152.782,255,255,255,131.501,40.838,35.941,143.128,0.838,1.136,0.880,0.909
1095,996.433,255,255,255,120.328,36.901,34.381,113.819,0.865,1.073,0.932,0.943
1096,1173.784,255,255,255,128.446,38.817,38.501,102.036,0.894,1.008,0.992,0.940
1097,1043.104,255,255,255,121.070,37.122,35.777,121.323,0.894,1.038,0.964,0.937
1098,21.002,255,255,255,15.122,5.987,4.467,20.301,1.000,1.340,0.746,0.857
1099,1064.106,255,255,255,120.175,37.102,36.517,59.195,0.926,1.016,0.984,0.951
1100,109.678,255,255,255,39.040,15.583,8.961,154.207,0.904,1.739,0.575,0.895
1101,1127.112,255,255,255,123.754,40.079,35.806,36.494,0.925,1.119,0.893,0.952
1102,1187.785,255,255,255,129.341,39.608,38.183,33.172,0.892,1.037,0.964,0.943
1103,18.669,255,255,255,13.857,5.404,4.399,135.000,1.000,1.229,0.814,0.941
1104,1124.779,255,255,255,125.915,39.709,36.065,0.840,0.892,1.101,0.908,0.938
1105,1047.771,255,255,255,122.335,38.695,34.476,5.414,0.880,1.122,0.891,0.930
1106,1411.808,255,255,255,141.037,43.376,41.442,60.166,0.892,1.047,0.955,0.936
1107,1178.451,255,255,255,133.661,38.890,38.582,100.098,0.829,1.008,0.992,0.917
1108,163.350,255,255,255,47.681,15.205,13.678,144.462,0.903,1.112,0.900,0.881
1109,18.669,255,255,255,14.752,6.895,3.447,0.000,1.000,2.000,0.500,1.000
1110,1365.136,255,255,255,137.241,42.357,41.035,128.566,0.911,1.032,0.969,0.949
1111,1337.133,255,255,255,140.142,44.498,38.260,78.881,0.856,1.163,0.860,0.912
1112,1164.450,255,255,255,127.180,41.195,35.990,12.778,0.905,1.145,0.874,0.941
1113,1229.789,255,255,255,130.235,41.489,37.740,177.063,0.911,1.099,0.910,0.944
1114,84.008,255,255,255,40.305,17.256,6.199,15.734,0.650,2.784,0.359,0.758
1115,695.403,255,255,255,107.366,30.045,29.470,100.364,0.758,1.020,0.981,0.894
1116,119.012,255,255,255,41.200,15.513,9.768,16.992,0.881,1.588,0.630,0.895
1117,49.005,255,255,255,24.288,8.459,7.376,129.608,1.000,1.147,0.872,0.933
1118,49.005,255,255,255,25.554,10.331,6.039,119.620,0.943,1.711,0.585,0.857
1119,415.375,255,255,255,83.666,28.284,18.699,149.859,0.746,1.513,0.661,0.868
1120,56.006,255,255,255,28.609,10.385,6.867,176.551,0.860,1.512,0.661,0.842
1121,280.028,255,255,255,79.499,31.077,11.473,9.079,0.557,2.709,0.369,0.876
